sale_id,full_name,email,gender,state,pay_method,pay_amount
1,Verina Howton,vhowton0@phpbb.com,Female,Florida,diners-club-carte-blanche,3.81
2,Antonin Antognazzi,aantognazzi1@china.com.cn,Male,Delaware,mastercard,10.12
3,Nikolas Mocher,nmocher2@nature.com,Male,West Virginia,bankcard,57.16
4,Meghan Baurerich,mbaurerich3@sohu.com,Female,Texas,visa,14.04
5,Angelika Rubberts,arubberts4@a8.net,Female,Nevada,mastercard,25.62
6,Reg Klaggeman,rklaggeman5@who.int,Male,Colorado,bankcard,54.64
7,Veronique Simoni,vsimoni6@imdb.com,Female,Tennessee,china-unionpay,35.72
8,Garrard Yandle,gyandle7@google.ru,Male,Texas,jcb,33.16
9,Alexandros Trimmell,atrimmell8@purevolume.com,Male,Pennsylvania,jcb,81.02
10,Silva Adkins,sadkins9@godaddy.com,Female,New York,jcb,30.71
11,Martin Rayson,mraysona@lycos.com,Male,Idaho,visa-electron,82.17
12,Pierrette Hullot,phullotb@cocolog-nifty.com,Female,Texas,jcb,87.97
13,Kristo Rawlingson,krawlingsonc@cafepress.com,Male,Indiana,mastercard,72.3
14,Roarke Broadbear,rbroadbeard@skyrock.com,Male,California,mastercard,69.9
15,Ricki Cusiter,rcusitere@loc.gov,Male,Virginia,jcb,68.32
16,Ivette Bowler,ibowlerf@census.gov,Female,California,mastercard,21.21
17,Doti Sidwick,dsidwickg@nbcnews.com,Female,Texas,maestro,5.57
18,Fedora Chantree,fchantreeh@webeden.co.uk,Female,Texas,jcb,28.75
19,Huberto Davydzenko,hdavydzenkoi@shutterfly.com,Male,Tennessee,china-unionpay,34.56
20,Whitney Silbermann,wsilbermannj@ftc.gov,Female,Georgia,jcb,94.56
21,Hedvig Brinson,hbrinsonk@nasa.gov,Female,Tennessee,jcb,60.27
22,Kermie Pollen,kpollenl@topsy.com,Male,Texas,jcb,1.22
23,Ludvig Roscam,lroscamm@deliciousdays.com,Male,Florida,maestro,96.63
24,Ola Danzelman,odanzelmann@discuz.net,Female,California,jcb,92.16
25,Tad McNamee,tmcnameeo@dyndns.org,Male,California,mastercard,52.91
26,Alberta Poytress,apoytressp@odnoklassniki.ru,Female,Missouri,jcb,83.32
27,Kennett Reary,krearyq@exblog.jp,Male,Kentucky,jcb,11.76
28,Marina Motten,mmottenr@g.co,Female,Ohio,diners-club-enroute,75.94
29,Audy Brandt,abrandts@t.co,Female,California,diners-club-enroute,18.02
30,Kerrin Beeton,kbeetont@hugedomains.com,Female,Florida,americanexpress,38.87
31,Ximenez Somerset,xsomersetu@dell.com,Male,Florida,bankcard,61.95
32,Bartholomeo Dunckley,bdunckleyv@rediff.com,Male,Wisconsin,jcb,54.68
33,Aldus Yuryatin,ayuryatinw@booking.com,Male,Florida,jcb,63.49
34,Alberta Whittuck,awhittuckx@cnn.com,Female,District of Columbia,china-unionpay,32.42
35,Barby Lewzey,blewzeyy@blogger.com,Female,Maryland,diners-club-carte-blanche,76.4
36,Ansel Witty,awittyz@ask.com,Male,Florida,jcb,54.37
37,Farlay Elwood,felwood10@netlog.com,Male,District of Columbia,mastercard,61.21
38,Min MacPharlain,mmacpharlain11@hibu.com,Female,Texas,switch,27.62
39,Fedora Wallman,fwallman12@dell.com,Female,California,maestro,49.81
40,Faunie Pigne,fpigne13@nsw.gov.au,Female,New York,diners-club-enroute,45.11
41,Caralie Fairfoull,cfairfoull14@sphinn.com,Female,Alabama,jcb,56.19
42,Beilul Wyard,bwyard15@nsw.gov.au,Female,Pennsylvania,switch,12.87
43,Olivie Hellwich,ohellwich16@photobucket.com,Female,Texas,jcb,42.26
44,Nariko Hainey`,nhainey17@berkeley.edu,Female,Texas,visa-electron,72.43
45,Forster Lapides,flapides18@live.com,Male,Georgia,jcb,96.0
46,Albie Sisnett,asisnett19@vimeo.com,Male,Texas,jcb,98.73
47,Alley Crass,acrass1a@chicagotribune.com,Male,New York,diners-club-carte-blanche,86.88
48,Robbin Nickels,rnickels1b@marketwatch.com,Female,Ohio,jcb,73.16
49,Ludwig Flea,lflea1c@cmu.edu,Male,California,mastercard,63.21
50,Prentiss Frame,pframe1d@barnesandnoble.com,Male,Delaware,mastercard,31.59
51,Lois Dockerty,ldockerty1e@google.de,Female,Michigan,maestro,87.81
52,Renaud Grindle,rgrindle1f@hao123.com,Male,Arizona,diners-club-enroute,2.48
53,Yard Oene,yoene1g@exblog.jp,Male,Virginia,maestro,12.28
54,Derwin Hansed,dhansed1h@mac.com,Male,California,visa-electron,30.38
55,Kristina Poynser,kpoynser1i@networkadvertising.org,Female,North Carolina,switch,14.28
56,Jillian Drohan,jdrohan1j@360.cn,Female,Virginia,jcb,95.74
57,Enrica Wildblood,ewildblood1k@chronoengine.com,Female,California,jcb,14.32
58,Tuesday Gabbot,tgabbot1l@imgur.com,Female,Oklahoma,jcb,43.95
59,Jacquelynn Brose,jbrose1m@360.cn,Female,New York,instapayment,64.13
60,Marshal Normanvill,mnormanvill1n@netlog.com,Male,California,jcb,18.27
61,Read Mac Geaney,rmac1o@eventbrite.com,Male,California,jcb,72.13
62,Shepard Reuther,sreuther1p@smugmug.com,Male,California,jcb,80.3
63,Cilka Castelluzzi,ccastelluzzi1q@ibm.com,Female,New York,jcb,68.92
64,Pryce Ridley,pridley1r@uiuc.edu,Male,New York,china-unionpay,58.06
65,Chrysler Rablan,crablan1s@bandcamp.com,Female,Maryland,switch,10.09
66,Edmon Baldin,ebaldin1t@squarespace.com,Male,Connecticut,jcb,17.01
67,Alika Coursor,acoursor1u@timesonline.co.uk,Female,District of Columbia,mastercard,34.81
68,Koralle Growden,kgrowden1v@gizmodo.com,Female,Montana,jcb,35.12
69,Dewie Pardey,dpardey1w@wikispaces.com,Male,North Carolina,visa-electron,39.39
70,Mendy Whitworth,mwhitworth1x@auda.org.au,Male,Virginia,jcb,90.76
71,Trudie Piddock,tpiddock1y@soup.io,Female,Florida,jcb,76.76
72,Allin Andryushchenko,aandryushchenko1z@uol.com.br,Male,Georgia,bankcard,64.73
73,Leigh MacPherson,lmacpherson20@hexun.com,Male,Maryland,bankcard,30.77
74,Marcelline Puttrell,mputtrell21@vinaora.com,Female,Maryland,diners-club-us-ca,56.17
75,Marcus Lorrain,mlorrain22@irs.gov,Male,Arizona,jcb,7.65
76,Samuele Hesey,shesey23@blogspot.com,Male,New York,maestro,62.36
77,Marena Setter,msetter24@dmoz.org,Female,California,mastercard,61.12
78,Nancie Curling,ncurling25@samsung.com,Female,New Mexico,jcb,85.69
79,Mart Ruddock,mruddock26@google.ru,Male,Texas,bankcard,56.57
80,Winfred Crebo,wcrebo27@va.gov,Male,Texas,instapayment,55.44
81,Delbert Kerbey,dkerbey28@ow.ly,Male,Idaho,solo,96.46
82,Marrissa Glazier,mglazier29@loc.gov,Female,California,visa-electron,16.89
83,Rebekkah Costock,rcostock2a@mtv.com,Female,Kansas,diners-club-enroute,22.68
84,Corrine Godley,cgodley2b@furl.net,Female,Pennsylvania,americanexpress,16.55
85,Babette Rainford,brainford2c@soundcloud.com,Female,West Virginia,jcb,23.29
86,Lamond Elliker,lelliker2d@stumbleupon.com,Male,Massachusetts,switch,4.93
87,Jaymee Sygrove,jsygrove2e@squidoo.com,Female,Florida,solo,33.08
88,Herman Ollerenshaw,hollerenshaw2f@ow.ly,Male,Texas,jcb,48.35
89,Bryn Pollins,bpollins2g@engadget.com,Female,Minnesota,jcb,40.97
90,Carce Dilkes,cdilkes2h@sourceforge.net,Male,California,maestro,96.62
91,Urbanus Fellgatt,ufellgatt2i@zdnet.com,Male,Ohio,laser,18.52
92,Maxim Rippin,mrippin2j@slideshare.net,Male,District of Columbia,jcb,3.58
93,Wittie Yendall,wyendall2k@hibu.com,Male,Virginia,jcb,18.63
94,Porty Orbine,porbine2l@techcrunch.com,Male,Louisiana,mastercard,30.1
95,Kingsly Vernay,kvernay2m@furl.net,Male,Connecticut,switch,7.79
96,Ryon Hoggan,rhoggan2n@ocn.ne.jp,Male,Ohio,jcb,86.65
97,Ugo Berthomier,uberthomier2o@wp.com,Male,Florida,switch,53.69
98,Jacques Ricciardelli,jricciardelli2p@jiathis.com,Male,Texas,mastercard,8.0
99,Shelagh Ellison,sellison2q@state.gov,Female,Oklahoma,jcb,53.26
100,Jobyna Cluer,jcluer2r@gov.uk,Female,Illinois,jcb,45.99
101,Berkley Mulqueeny,bmulqueeny2s@ezinearticles.com,Male,Texas,jcb,24.17
102,Giralda Downey,gdowney2t@wisc.edu,Female,West Virginia,jcb,24.99
103,Wyndham Guilaem,wguilaem2u@bizjournals.com,Male,New York,mastercard,41.9
104,Algernon Holleworth,aholleworth2v@auda.org.au,Male,Iowa,jcb,23.9
105,Jammie Winson,jwinson2w@wired.com,Female,North Carolina,jcb,70.29
106,Brander Eringey,beringey2x@gnu.org,Male,New Mexico,laser,98.74
107,Gusty Doulton,gdoulton2y@toplist.cz,Female,Georgia,maestro,24.2
108,Tiertza Najera,tnajera2z@paginegialle.it,Female,Virginia,jcb,49.53
109,Tomkin Hansen,thansen30@chron.com,Male,Georgia,laser,82.2
110,Maximilien Border,mborder31@xinhuanet.com,Male,California,jcb,44.26
111,Ava Cerro,acerro32@twitpic.com,Female,California,china-unionpay,31.68
112,Jyoti Jaquet,jjaquet33@tumblr.com,Female,Virginia,jcb,12.83
113,Forester Gabites,fgabites34@patch.com,Male,Oklahoma,china-unionpay,33.42
114,Latashia Norcock,lnorcock35@xrea.com,Female,Florida,maestro,36.64
115,Hagen Cavendish,hcavendish36@state.gov,Male,California,mastercard,16.79
116,Winna Pountain,wpountain37@nydailynews.com,Female,Florida,jcb,96.64
117,Grange Dowell,gdowell38@dailymotion.com,Male,Wisconsin,maestro,55.71
118,Korey Birtonshaw,kbirtonshaw39@netvibes.com,Male,Kentucky,jcb,71.45
119,Pattie McFadin,pmcfadin3a@icq.com,Female,Wisconsin,diners-club-us-ca,81.22
120,Lyndsey Jerok,ljerok3b@opera.com,Female,Indiana,switch,67.81
121,Aksel McTrustie,amctrustie3c@shutterfly.com,Male,Florida,jcb,70.74
122,Esta Griffoen,egriffoen3d@unblog.fr,Female,Pennsylvania,jcb,64.85
123,Artemus McSwan,amcswan3e@netlog.com,Male,Maryland,bankcard,58.84
124,Fifi Toombes,ftoombes3f@flavors.me,Female,Georgia,switch,23.06
125,Kendricks Barnett,kbarnett3g@umich.edu,Male,Delaware,china-unionpay,65.96
126,Jory Eard,jeard3h@unesco.org,Male,Texas,visa-electron,25.95
127,Carmencita Jacobsohn,cjacobsohn3i@jigsy.com,Female,California,switch,14.96
128,Frederick Reditt,freditt3j@discovery.com,Male,Georgia,maestro,43.23
129,Bren Moulding,bmoulding3k@thetimes.co.uk,Female,Minnesota,jcb,29.41
130,Kory Botger,kbotger3l@cloudflare.com,Male,New Mexico,jcb,38.77
131,Granger Darter,gdarter3m@youtu.be,Male,California,china-unionpay,61.69
132,Vincents Manssuer,vmanssuer3n@amazon.co.jp,Male,Georgia,diners-club-carte-blanche,39.84
133,Verney Gallienne,vgallienne3o@live.com,Male,Texas,bankcard,84.97
134,Rosabel Irwin,rirwin3p@chicagotribune.com,Female,California,jcb,54.97
135,Madelle Kensy,mkensy3q@de.vu,Female,Indiana,diners-club-carte-blanche,39.16
136,Francesco McLae,fmclae3r@plala.or.jp,Male,Utah,diners-club-enroute,71.74
137,Juli Tash,jtash3s@delicious.com,Female,Connecticut,diners-club-enroute,34.85
138,Delinda Dealtry,ddealtry3t@mashable.com,Female,District of Columbia,mastercard,42.16
139,Hermy Mattam,hmattam3u@ucoz.com,Male,West Virginia,bankcard,24.35
140,Daniella Fessions,dfessions3v@360.cn,Female,Alabama,jcb,77.78
141,Mahmud Latek,mlatek3w@cnet.com,Male,Wisconsin,diners-club-carte-blanche,83.64
142,Kathe Spellacy,kspellacy3x@1688.com,Female,Colorado,mastercard,17.24
143,Amitie Balbeck,abalbeck3y@prweb.com,Female,Louisiana,jcb,16.86
144,Beverlie Marzellano,bmarzellano3z@1und1.de,Female,West Virginia,bankcard,83.98
145,Orella Tunna,otunna40@tinypic.com,Female,California,jcb,59.02
146,Merline Henstridge,mhenstridge41@guardian.co.uk,Female,Minnesota,jcb,47.17
147,Elmer Caplin,ecaplin42@ibm.com,Male,Florida,visa-electron,49.54
148,Giulia Keston,gkeston43@de.vu,Female,Texas,maestro,19.23
149,Quent Andreaccio,qandreaccio44@buzzfeed.com,Male,Texas,jcb,37.96
150,Andree Caukill,acaukill45@edublogs.org,Female,Washington,americanexpress,47.27
151,Caprice Beldom,cbeldom46@oaic.gov.au,Female,New York,jcb,38.38
152,Lorri Milmith,lmilmith47@nasa.gov,Female,Florida,diners-club-enroute,18.67
153,Raf Archer,rarcher48@hao123.com,Female,Michigan,mastercard,82.72
154,Binny Durnford,bdurnford49@bandcamp.com,Female,Washington,laser,55.67
155,Prissie Andreev,pandreev4a@desdev.cn,Female,California,jcb,52.09
156,Elicia Ivey,eivey4b@networksolutions.com,Female,New York,mastercard,82.14
157,Carmelle Brotherheed,cbrotherheed4c@un.org,Female,Maryland,jcb,73.01
158,Rosa Pancast,rpancast4d@lycos.com,Female,North Carolina,jcb,24.76
159,Cherice Cardow,ccardow4e@parallels.com,Female,Florida,jcb,34.59
160,Boyd Wedge,bwedge4f@deviantart.com,Male,Georgia,jcb,51.12
161,Paulo Woodyer,pwoodyer4g@ustream.tv,Male,Connecticut,bankcard,88.65
162,Kermie Di Lucia,kdi4h@ning.com,Male,California,laser,63.62
163,Shantee Eeles,seeles4i@twitpic.com,Female,Florida,jcb,69.84
164,Obadiah Merwe,omerwe4j@nbcnews.com,Male,Texas,maestro,62.53
165,Adelind Whylie,awhylie4k@timesonline.co.uk,Female,South Carolina,maestro,70.13
166,Hallsy Goolden,hgoolden4l@illinois.edu,Male,Florida,jcb,23.88
167,Kirsteni Learman,klearman4m@google.es,Female,Florida,jcb,10.88
168,Junia Berriman,jberriman4n@prweb.com,Female,New York,jcb,17.56
169,Juditha Suggitt,jsuggitt4o@delicious.com,Female,South Carolina,jcb,13.05
170,Smitty Frankum,sfrankum4p@istockphoto.com,Male,Louisiana,maestro,53.65
171,Geoffry Scotland,gscotland4q@skyrock.com,Male,District of Columbia,mastercard,76.05
172,Humphrey Sawdon,hsawdon4r@ebay.co.uk,Male,Indiana,maestro,88.63
173,Crawford O'Flaverty,coflaverty4s@studiopress.com,Male,Oklahoma,bankcard,50.54
174,Shay Paff,spaff4t@yahoo.co.jp,Female,California,jcb,7.56
175,Hedvige O'Hannigan,hohannigan4u@360.cn,Female,Indiana,jcb,42.28
176,Catlee Pessolt,cpessolt4v@webs.com,Female,Tennessee,jcb,54.14
177,Romona Dietmar,rdietmar4w@posterous.com,Female,Pennsylvania,maestro,38.11
178,Nathanil Segoe,nsegoe4x@google.co.jp,Male,Utah,maestro,63.25
179,Ax Benninger,abenninger4y@fastcompany.com,Male,Alabama,jcb,59.97
180,Gregg Olifaunt,golifaunt4z@chron.com,Male,Florida,laser,87.12
181,Janeva Northin,jnorthin50@reference.com,Female,Pennsylvania,diners-club-carte-blanche,4.39
182,Trudie Handscomb,thandscomb51@list-manage.com,Female,Colorado,mastercard,44.86
183,Kaleena Antognelli,kantognelli52@multiply.com,Female,South Carolina,mastercard,18.65
184,Thain Nathon,tnathon53@ebay.co.uk,Male,New York,americanexpress,83.26
185,Reinold McKoy,rmckoy54@army.mil,Male,Texas,jcb,9.8
186,Millard Fant,mfant55@state.gov,Male,Hawaii,jcb,92.82
187,Bertram Axtell,baxtell56@angelfire.com,Male,Texas,maestro,66.03
188,Bird Garm,bgarm57@disqus.com,Female,Pennsylvania,laser,12.61
189,Catherine McMurty,cmcmurty58@xinhuanet.com,Female,Texas,jcb,59.16
190,Stefan Dainter,sdainter59@ibm.com,Male,Colorado,jcb,84.81
191,Charlot Maffey,cmaffey5a@google.com.hk,Female,Colorado,jcb,62.66
192,Wilbert Govern,wgovern5b@berkeley.edu,Male,Massachusetts,jcb,84.58
193,Isiahi Brandts,ibrandts5c@miibeian.gov.cn,Male,Florida,jcb,65.73
194,Henri Rowthorn,hrowthorn5d@thetimes.co.uk,Male,Connecticut,jcb,30.01
195,Niko Bowgen,nbowgen5e@reverbnation.com,Male,New Mexico,diners-club-enroute,39.29
196,Augy Micka,amicka5f@hhs.gov,Male,Alabama,jcb,25.84
197,Winne Moncrefe,wmoncrefe5g@delicious.com,Female,Illinois,jcb,72.71
198,Sayers Domniney,sdomniney5h@japanpost.jp,Male,Florida,jcb,75.16
199,Antoni Illidge,aillidge5i@ebay.com,Male,Oklahoma,diners-club-carte-blanche,95.19
200,Vannie Bastow,vbastow5j@wikimedia.org,Female,Montana,mastercard,20.3
201,Coral Provis,cprovis5k@hc360.com,Female,Utah,jcb,95.24
202,Onofredo Calyton,ocalyton5l@chron.com,Male,Tennessee,visa,9.74
203,Mira Heap,mheap5m@virginia.edu,Female,Michigan,mastercard,54.19
204,Ethel Rewcastle,erewcastle5n@tamu.edu,Female,California,jcb,5.0
205,Dexter Frankton,dfrankton5o@uol.com.br,Male,Maryland,visa,8.64
206,Agatha Smylie,asmylie5p@angelfire.com,Female,Michigan,switch,47.61
207,Irving Doorbar,idoorbar5q@prweb.com,Male,California,maestro,31.92
208,Keelia Domokos,kdomokos5r@istockphoto.com,Female,Pennsylvania,mastercard,69.98
209,Malina Chidley,mchidley5s@unc.edu,Female,Iowa,mastercard,80.85
210,Peirce Wrigley,pwrigley5t@unesco.org,Male,California,jcb,22.1
211,Callean Bambridge,cbambridge5u@slashdot.org,Male,Texas,jcb,53.12
212,Allister Mulliss,amulliss5v@imgur.com,Male,Texas,jcb,20.59
213,Richy Maha,rmaha5w@xinhuanet.com,Male,Florida,bankcard,61.86
214,Iain Minney,iminney5x@senate.gov,Male,California,diners-club-carte-blanche,79.71
215,Jillayne Maskelyne,jmaskelyne5y@icq.com,Female,Tennessee,switch,99.99
216,Minnnie Harflete,mharflete5z@fda.gov,Female,Tennessee,jcb,3.43
217,Urbain Kielt,ukielt60@eventbrite.com,Male,Arizona,maestro,18.8
218,Sada Bienvenu,sbienvenu61@hugedomains.com,Female,Florida,jcb,16.45
219,Carmelina Sands-Allan,csandsallan62@dailymotion.com,Female,Ohio,bankcard,2.58
220,Merrilee Millimoe,mmillimoe63@bloglines.com,Female,Georgia,bankcard,12.8
221,Mylo Styche,mstyche64@example.com,Male,Indiana,jcb,50.88
222,Adamo Heibl,aheibl65@naver.com,Male,New York,mastercard,72.06
223,Kara-lynn Errichelli,kerrichelli66@topsy.com,Female,South Carolina,mastercard,7.42
224,Matthiew Chiese,mchiese67@newsvine.com,Male,Ohio,jcb,12.35
225,Miran Newbatt,mnewbatt68@a8.net,Female,Washington,maestro,77.74
226,Aura Kerry,akerry69@bbc.co.uk,Female,Louisiana,jcb,53.26
227,Pauline Fernando,pfernando6a@indiegogo.com,Female,District of Columbia,maestro,33.6
228,Chrissie Scrivens,cscrivens6b@mayoclinic.com,Female,Florida,jcb,3.7
229,Perry Temporal,ptemporal6c@jiathis.com,Male,Florida,jcb,76.84
230,Loralyn Keuning,lkeuning6d@smh.com.au,Female,Virginia,switch,90.75
231,Virge Le Blanc,vle6e@barnesandnoble.com,Male,Massachusetts,maestro,42.22
232,Merwyn Doppler,mdoppler6f@europa.eu,Male,Indiana,solo,79.49
233,Gayelord Poulsom,gpoulsom6g@imgur.com,Male,Kentucky,visa-electron,38.69
234,Lannie Merfin,lmerfin6h@deliciousdays.com,Male,Nebraska,mastercard,62.08
235,Even Shuter,eshuter6i@yale.edu,Male,Maryland,visa,73.68
236,Tiertza Vinas,tvinas6j@hatena.ne.jp,Female,Pennsylvania,jcb,4.09
237,Beverly Mainds,bmainds6k@nasa.gov,Female,Colorado,jcb,18.86
238,Vanni Petry,vpetry6l@princeton.edu,Female,Missouri,visa-electron,76.52
239,Ashley O' Brian,ao6m@aboutads.info,Female,Washington,jcb,14.89
240,Bayard Veryan,bveryan6n@imgur.com,Male,Florida,mastercard,63.24
241,Tim Dell'Abbate,tdellabbate6o@businessweek.com,Female,Arizona,visa,47.04
242,Michaela Yedall,myedall6p@wordpress.com,Female,California,jcb,90.35
243,Gideon Caston,gcaston6q@foxnews.com,Male,Georgia,jcb,77.45
244,Clemente Pollok,cpollok6r@skype.com,Male,Ohio,jcb,74.53
245,Valli Guyer,vguyer6s@oracle.com,Female,Texas,mastercard,59.69
246,Jaclyn Guiso,jguiso6t@deviantart.com,Female,West Virginia,switch,36.65
247,Nefen Senn,nsenn6u@lulu.com,Male,Nebraska,jcb,50.23
248,Audry Whitton,awhitton6v@utexas.edu,Female,Florida,americanexpress,42.62
249,Franni Jobling,fjobling6w@adobe.com,Female,Texas,bankcard,4.76
250,Bax Courteney,bcourteney6x@blogspot.com,Male,California,diners-club-carte-blanche,60.01
251,Hazel Farlambe,hfarlambe6y@sogou.com,Male,Minnesota,mastercard,68.71
252,Kassie Babb,kbabb6z@mail.ru,Female,Minnesota,maestro,87.4
253,Gualterio Jouannin,gjouannin70@uol.com.br,Male,Tennessee,china-unionpay,49.3
254,Harman MacCheyne,hmaccheyne71@ebay.com,Male,North Carolina,jcb,66.21
255,Myrvyn Paintain,mpaintain72@cdbaby.com,Male,California,switch,35.81
256,Angelica Lissenden,alissenden73@netvibes.com,Female,Texas,mastercard,10.17
257,Bobbie Saward,bsaward74@ed.gov,Female,California,jcb,90.8
258,Kelly Testo,ktesto75@foxnews.com,Female,Virginia,maestro,91.21
259,Caresse Cheeney,ccheeney76@google.pl,Female,California,diners-club-carte-blanche,42.78
260,Germayne Coddington,gcoddington77@harvard.edu,Male,California,mastercard,43.02
261,Sibilla Dyson,sdyson78@sina.com.cn,Female,Virginia,jcb,64.26
262,Annelise Towe,atowe79@devhub.com,Female,Florida,china-unionpay,20.82
263,Matti Okker,mokker7a@nifty.com,Female,Texas,visa,62.37
264,Clark Manvelle,cmanvelle7b@latimes.com,Male,New Hampshire,jcb,73.93
265,Daron Deyenhardt,ddeyenhardt7c@reverbnation.com,Female,Virginia,maestro,95.41
266,Burty Fulle,bfulle7d@jalbum.net,Male,Indiana,bankcard,11.28
267,Nat Cornelius,ncornelius7e@reference.com,Male,Oklahoma,solo,65.43
268,Estele Vowden,evowden7f@networkadvertising.org,Female,New York,jcb,22.66
269,Garrot Marchenko,gmarchenko7g@hatena.ne.jp,Male,North Carolina,jcb,2.49
270,Lizzy Vinton,lvinton7h@walmart.com,Female,Arizona,americanexpress,69.32
271,Jonah Keysel,jkeysel7i@harvard.edu,Male,Minnesota,jcb,65.51
272,Zenia Trafford,ztrafford7j@sogou.com,Female,Tennessee,laser,37.8
273,Kora Boldison,kboldison7k@hp.com,Female,Texas,jcb,29.5
274,Gordon Levine,glevine7l@globo.com,Male,Kansas,diners-club-carte-blanche,38.65
275,Gasper Sorsby,gsorsby7m@opensource.org,Male,Michigan,jcb,74.3
276,Agnesse Klassman,aklassman7n@weibo.com,Female,California,maestro,80.5
277,Zebedee Fockes,zfockes7o@vistaprint.com,Male,Ohio,jcb,32.95
278,Glory Rickeard,grickeard7p@kickstarter.com,Female,District of Columbia,jcb,46.61
279,Nowell Mousby,nmousby7q@alexa.com,Male,Pennsylvania,americanexpress,2.05
280,Yovonnda Coghlin,ycoghlin7r@unblog.fr,Female,Minnesota,jcb,58.33
281,Dolorita Iwanicki,diwanicki7s@umich.edu,Female,Pennsylvania,jcb,53.9
282,Ber Conachy,bconachy7t@tiny.cc,Male,West Virginia,maestro,65.74
283,Tansy Jovis,tjovis7u@ed.gov,Female,District of Columbia,bankcard,19.98
284,Rachel Aspray,raspray7v@github.com,Female,New Mexico,jcb,93.79
285,Ravi Shewery,rshewery7w@jugem.jp,Male,Virginia,jcb,73.94
286,Padraig Cavey,pcavey7x@statcounter.com,Male,Nebraska,switch,52.51
287,Lyda Purrington,lpurrington7y@fda.gov,Female,Pennsylvania,instapayment,62.72
288,Wenonah Crossland,wcrossland7z@seesaa.net,Female,Maryland,switch,75.76
289,Anitra Witcomb,awitcomb80@ted.com,Female,Colorado,jcb,12.98
290,Hobey Laviste,hlaviste81@example.com,Male,Oklahoma,jcb,68.05
291,Nydia Crucitti,ncrucitti82@creativecommons.org,Female,Washington,jcb,89.35
292,Leigha Beininck,lbeininck83@1und1.de,Female,Kansas,jcb,79.5
293,Bartholomeo Towler,btowler84@uiuc.edu,Male,Colorado,diners-club-carte-blanche,47.08
294,Oates Ostler,oostler85@eventbrite.com,Male,New York,jcb,57.98
295,Francklin Ion,fion86@issuu.com,Male,Texas,diners-club-us-ca,53.35
296,Hana Alam,halam87@cbslocal.com,Female,North Carolina,jcb,31.65
297,Ive Peltz,ipeltz88@sciencedirect.com,Male,Nevada,mastercard,73.61
298,Giraldo Plester,gplester89@mit.edu,Male,South Carolina,mastercard,18.36
299,Hussein Hethron,hhethron8a@epa.gov,Male,Texas,china-unionpay,52.61
300,Vittorio Camplin,vcamplin8b@pinterest.com,Male,Pennsylvania,jcb,30.53
301,Beverie Skittrall,bskittrall8c@samsung.com,Female,Michigan,jcb,51.63
302,Dolly Kirkpatrick,dkirkpatrick8d@wordpress.org,Female,Pennsylvania,jcb,30.09
303,Garrik Eilhermann,geilhermann8e@ucla.edu,Male,Texas,laser,88.98
304,Angelo Culcheth,aculcheth8f@mozilla.org,Male,Texas,diners-club-carte-blanche,91.75
305,Horacio Beddin,hbeddin8g@sogou.com,Male,Indiana,diners-club-carte-blanche,26.25
306,Rachel Godsal,rgodsal8h@ox.ac.uk,Female,Pennsylvania,jcb,3.43
307,Glendon Klaessen,gklaessen8i@boston.com,Male,Texas,jcb,65.71
308,Guthrey Procter,gprocter8j@tripadvisor.com,Male,Oklahoma,visa,61.94
309,Rhiamon Bytheway,rbytheway8k@yellowbook.com,Female,North Carolina,jcb,34.36
310,Tiffani Vany,tvany8l@usnews.com,Female,New York,diners-club-carte-blanche,26.01
311,Alyss Waith,awaith8m@cpanel.net,Female,Texas,jcb,98.86
312,Archy Haggarty,ahaggarty8n@wisc.edu,Male,Indiana,maestro,9.99
313,Giselbert Pichan,gpichan8o@delicious.com,Male,Texas,solo,46.49
314,Galvin Filasov,gfilasov8p@printfriendly.com,Male,North Carolina,diners-club-enroute,57.34
315,Salvatore Scourge,sscourge8q@time.com,Male,Wisconsin,china-unionpay,53.82
316,Giulietta Yarrington,gyarrington8r@telegraph.co.uk,Female,Texas,jcb,16.07
317,Murdock Chaves,mchaves8s@weebly.com,Male,Louisiana,americanexpress,32.39
318,Hank Bendley,hbendley8t@bloglines.com,Male,New York,mastercard,6.5
319,Dal Beever,dbeever8u@ifeng.com,Male,Oklahoma,mastercard,9.27
320,Lodovico Locksley,llocksley8v@qq.com,Male,Texas,diners-club-carte-blanche,92.96
321,Hilliard Louche,hlouche8w@privacy.gov.au,Male,Tennessee,maestro,88.03
322,June Freeth,jfreeth8x@nature.com,Female,New York,jcb,16.92
323,Abbey Leynham,aleynham8y@cdc.gov,Male,Washington,jcb,82.08
324,Legra Kellough,lkellough8z@odnoklassniki.ru,Female,South Carolina,visa-electron,49.87
325,Olenolin Atkins,oatkins90@noaa.gov,Male,Ohio,china-unionpay,35.67
326,Joscelin Bruffell,jbruffell91@nyu.edu,Female,Florida,mastercard,58.68
327,Cyrille Westwick,cwestwick92@slideshare.net,Male,Minnesota,jcb,20.09
328,Gerard Gillyett,ggillyett93@google.co.jp,Male,Florida,jcb,82.37
329,Wiatt Jerram,wjerram94@msu.edu,Male,Wisconsin,diners-club-carte-blanche,51.19
330,Marlo Waryk,mwaryk95@washington.edu,Female,Arizona,bankcard,95.06
331,Thibaud Fairleigh,tfairleigh96@house.gov,Male,Hawaii,jcb,47.56
332,Tobey Houldcroft,thouldcroft97@diigo.com,Female,Kansas,jcb,28.05
333,Barris Nethercott,bnethercott98@tinyurl.com,Male,New York,visa-electron,75.32
334,Danyette Gives,dgives99@alexa.com,Female,Florida,china-unionpay,11.66
335,Crosby Fowls,cfowls9a@slashdot.org,Male,Arizona,jcb,91.48
336,Malory Balazin,mbalazin9b@issuu.com,Female,Washington,jcb,34.54
337,Jecho McElroy,jmcelroy9c@ucsd.edu,Male,Alaska,laser,4.24
338,Jaclin Denziloe,jdenziloe9d@imdb.com,Female,Connecticut,maestro,39.14
339,Jakob Saltrese,jsaltrese9e@bluehost.com,Male,New York,maestro,88.9
340,Cayla Pleass,cpleass9f@vistaprint.com,Female,South Carolina,diners-club-carte-blanche,19.4
341,Ellery Ceci,ececi9g@webmd.com,Male,Washington,mastercard,68.84
342,Maryjane Karleman,mkarleman9h@un.org,Female,Hawaii,diners-club-international,11.78
343,Osgood Bomfield,obomfield9i@rakuten.co.jp,Male,Minnesota,jcb,12.57
344,Corabelle Molineux,cmolineux9j@over-blog.com,Female,Colorado,diners-club-us-ca,83.72
345,Fania Crowd,fcrowd9k@ucla.edu,Female,Colorado,jcb,96.83
346,Merell Brunker,mbrunker9l@dailymotion.com,Male,Pennsylvania,visa-electron,40.84
347,Ruthie Berk,rberk9m@unicef.org,Female,Tennessee,maestro,94.43
348,Friedrick Gadman,fgadman9n@1und1.de,Male,California,visa,37.75
349,Morgan Svanini,msvanini9o@sakura.ne.jp,Female,California,diners-club-carte-blanche,5.31
350,Hube Allso,hallso9p@wiley.com,Male,Kansas,switch,16.68
351,Alta Shipsey,ashipsey9q@360.cn,Female,Indiana,jcb,71.41
352,Bernetta Dimsdale,bdimsdale9r@vk.com,Female,Utah,laser,69.8
353,Della Medina,dmedina9s@jugem.jp,Female,California,china-unionpay,32.68
354,Anna-diana Shovelton,ashovelton9t@domainmarket.com,Female,Virginia,switch,12.43
355,Rebekkah Leil,rleil9u@wikia.com,Female,Connecticut,jcb,2.88
356,Fanni Colum,fcolum9v@issuu.com,Female,Colorado,maestro,59.7
357,Ichabod Karlsen,ikarlsen9w@businesswire.com,Male,Massachusetts,diners-club-enroute,18.34
358,Kattie Fieldstone,kfieldstone9x@odnoklassniki.ru,Female,Connecticut,mastercard,11.13
359,Gaston Glendza,gglendza9y@ox.ac.uk,Male,Kansas,jcb,35.25
360,Ellen Stinton,estinton9z@usda.gov,Female,Indiana,maestro,38.07
361,Sandra Falk,sfalka0@examiner.com,Female,Tennessee,jcb,20.08
362,Ab Gookey,agookeya1@discovery.com,Male,New York,jcb,86.04
363,Torrance Danjoie,tdanjoiea2@google.pl,Male,Louisiana,diners-club-carte-blanche,53.01
364,Katleen Mokes,kmokesa3@ftc.gov,Female,Delaware,visa,32.38
365,Lalo Flett,lfletta4@wikimedia.org,Male,Illinois,visa-electron,74.48
366,Aeriela Gulston,agulstona5@ocn.ne.jp,Female,California,jcb,14.7
367,Antonino Cherry,acherrya6@mapquest.com,Male,Georgia,mastercard,15.81
368,Zared Fortnam,zfortnama7@nifty.com,Male,Pennsylvania,laser,78.11
369,Erin Soanes,esoanesa8@huffingtonpost.com,Male,Virginia,switch,2.58
370,Sal Engall,sengalla9@pinterest.com,Female,Connecticut,laser,37.39
371,Sande Siggs,ssiggsaa@hp.com,Female,Ohio,visa-electron,16.18
372,Wes Kebell,wkebellab@desdev.cn,Male,Nebraska,jcb,54.4
373,Harv Kenryd,hkenrydac@storify.com,Male,Virginia,diners-club-carte-blanche,90.85
374,Fernandina Kapelhoff,fkapelhoffad@woothemes.com,Female,Virginia,jcb,2.85
375,Wiley Doorbar,wdoorbarae@usa.gov,Male,Alabama,visa-electron,48.5
376,Maggy Saxon,msaxonaf@businesswire.com,Female,Georgia,instapayment,12.44
377,Mignon Mathou,mmathouag@eventbrite.com,Female,New York,diners-club-carte-blanche,85.65
378,Claresta Brettor,cbrettorah@topsy.com,Female,North Carolina,mastercard,86.41
379,Cosette Lampaert,clampaertai@drupal.org,Female,Washington,americanexpress,4.49
380,Murial Atkins,matkinsaj@who.int,Female,California,bankcard,39.85
381,Brandyn Thurby,bthurbyak@godaddy.com,Male,Mississippi,visa-electron,77.59
382,Zedekiah Gunston,zgunstonal@livejournal.com,Male,Kentucky,jcb,29.51
383,Brynn Pigne,bpigneam@army.mil,Female,California,laser,30.29
384,Urban Filer,ufileran@mozilla.com,Male,Indiana,diners-club-enroute,89.07
385,Bonita Heineking,bheinekingao@t.co,Female,Texas,jcb,62.19
386,Sharity Deerness,sdeernessap@cyberchimps.com,Female,District of Columbia,maestro,4.06
387,Lauren Fell,lfellaq@toplist.cz,Male,Kansas,switch,89.6
388,Anderea Gabb,agabbar@freewebs.com,Female,Florida,jcb,84.83
389,Desmund McInnerny,dmcinnernyas@psu.edu,Male,Kansas,visa-electron,94.88
390,Barbi Collet,bcolletat@ycombinator.com,Female,Illinois,jcb,78.01
391,Bel Sowle,bsowleau@squidoo.com,Female,California,mastercard,66.99
392,Leodora Sallis,lsallisav@army.mil,Female,New Mexico,diners-club-carte-blanche,23.48
393,Eldredge Impey,eimpeyaw@wordpress.org,Male,Washington,maestro,25.86
394,Zebedee Lyford,zlyfordax@amazon.com,Male,North Carolina,instapayment,94.79
395,Clerkclaude Rodenhurst,crodenhurstay@aol.com,Male,Texas,jcb,73.77
396,Raleigh Gerald,rgeraldaz@tamu.edu,Male,Virginia,jcb,57.54
397,Pembroke Jales,pjalesb0@narod.ru,Male,Illinois,instapayment,29.9
398,Ave Milazzo,amilazzob1@geocities.com,Male,Washington,diners-club-enroute,79.72
399,Drucill Deakes,ddeakesb2@boston.com,Female,Oregon,jcb,12.43
400,Tirrell MacIlriach,tmacilriachb3@miitbeian.gov.cn,Male,West Virginia,switch,6.57
401,Stafford Tonna,stonnab4@sbwire.com,Male,New Mexico,jcb,80.5
402,Marcille Cholton,mcholtonb5@wikispaces.com,Female,Missouri,diners-club-enroute,55.04
403,Michelina Brettoner,mbrettonerb6@ucoz.ru,Female,Alabama,china-unionpay,20.74
404,Marnie Hugh,mhughb7@usatoday.com,Female,Alabama,jcb,8.96
405,Cordi Shall,cshallb8@si.edu,Female,Virginia,jcb,87.4
406,Alejoa Kubasek,akubasekb9@spotify.com,Male,Oklahoma,jcb,7.03
407,Luke Meneux,lmeneuxba@ted.com,Male,District of Columbia,jcb,86.48
408,Frazer Gyurkovics,fgyurkovicsbb@nps.gov,Male,Minnesota,mastercard,8.92
409,Suzanna Littefair,slittefairbc@addtoany.com,Female,Virginia,switch,52.06
410,Rebeka Paddon,rpaddonbd@skyrock.com,Female,Florida,visa,32.31
411,Damara Rapi,drapibe@latimes.com,Female,Nevada,instapayment,62.62
412,Berthe Wake,bwakebf@elegantthemes.com,Female,Georgia,instapayment,38.77
413,Kermy Treen,ktreenbg@digg.com,Male,Ohio,diners-club-enroute,27.2
414,Freddie Hardesty,fhardestybh@scientificamerican.com,Male,Utah,jcb,30.02
415,Helenelizabeth Sayre,hsayrebi@newsvine.com,Female,Colorado,visa,47.03
416,Marianne Liddicoat,mliddicoatbj@accuweather.com,Female,Florida,jcb,55.4
417,Amerigo Twiddle,atwiddlebk@webmd.com,Male,Alabama,jcb,37.87
418,Kile Yushachkov,kyushachkovbl@irs.gov,Male,Vermont,jcb,91.26
419,Enrika Walles,ewallesbm@hhs.gov,Female,South Carolina,jcb,64.19
420,Kelsy Hail,khailbn@digg.com,Female,California,jcb,73.0
421,Jessey Hawken,jhawkenbo@merriam-webster.com,Male,Georgia,jcb,14.69
422,Perla MacVicar,pmacvicarbp@vinaora.com,Female,Massachusetts,diners-club-enroute,76.55
423,Kristoffer Aysh,kayshbq@sitemeter.com,Male,North Carolina,mastercard,91.22
424,Katherine Pleaden,kpleadenbr@google.it,Female,Michigan,bankcard,42.13
425,Athena Spours,aspoursbs@e-recht24.de,Female,West Virginia,jcb,84.94
426,Joice Pumphreys,jpumphreysbt@cnn.com,Female,Texas,jcb,16.68
427,Leticia Wahlberg,lwahlbergbu@wiley.com,Female,Pennsylvania,instapayment,58.28
428,Arte Halms,ahalmsbv@bloglovin.com,Male,Florida,jcb,4.95
429,Padraig Batrim,pbatrimbw@mit.edu,Male,Pennsylvania,jcb,33.13
430,Lauren Hollows,lhollowsbx@ucla.edu,Female,Tennessee,jcb,66.37
431,Isobel Bullocke,ibullockeby@usda.gov,Female,Tennessee,diners-club-enroute,90.42
432,Auguste Neilan,aneilanbz@smh.com.au,Female,Alaska,china-unionpay,81.4
433,Jamesy Bazeley,jbazeleyc0@google.com.br,Male,Delaware,visa,90.1
434,Hartwell Martinovsky,hmartinovskyc1@sun.com,Male,Michigan,switch,56.85
435,Suellen Edgeson,sedgesonc2@list-manage.com,Female,Pennsylvania,americanexpress,19.4
436,Fredrick Wigsell,fwigsellc3@zimbio.com,Male,Nevada,instapayment,99.19
437,Kasey Maffetti,kmaffettic4@bandcamp.com,Female,Missouri,bankcard,37.32
438,Paco Pestricke,ppestrickec5@bing.com,Male,West Virginia,jcb,44.32
439,Inge Jepp,ijeppc6@fc2.com,Female,Colorado,mastercard,96.27
440,Gabby Danshin,gdanshinc7@nymag.com,Male,Arkansas,jcb,94.05
441,Dallas Talboy,dtalboyc8@usgs.gov,Male,Colorado,china-unionpay,70.78
442,Mitchell Gosse,mgossec9@prlog.org,Male,North Carolina,jcb,36.12
443,Linette Labusch,llabuschca@sourceforge.net,Female,Iowa,laser,59.93
444,Ardine Gantzer,agantzercb@redcross.org,Female,California,bankcard,44.42
445,Gratia Balden,gbaldencc@discuz.net,Female,Oklahoma,instapayment,8.16
446,Clayborn Yepiskopov,cyepiskopovcd@reference.com,Male,California,jcb,92.71
447,Raine Elflain,relflaince@comsenz.com,Female,Florida,jcb,92.93
448,Elden Ashforth,eashforthcf@unblog.fr,Male,California,diners-club-enroute,98.05
449,Juliette McArd,jmcardcg@squidoo.com,Female,Arizona,jcb,22.1
450,Danny Alsina,dalsinach@rakuten.co.jp,Male,District of Columbia,switch,6.96
451,Morry Maffin,mmaffinci@yolasite.com,Male,California,maestro,52.52
452,Joly Ridges,jridgescj@nps.gov,Female,Texas,jcb,98.45
453,Salome Perutto,speruttock@ted.com,Female,California,jcb,35.43
454,Nowell Reardon,nreardoncl@istockphoto.com,Male,California,visa,89.5
455,Gabriella Tuson,gtusoncm@rambler.ru,Female,Florida,jcb,39.59
456,Ninetta West-Frimley,nwestfrimleycn@behance.net,Female,Minnesota,jcb,38.56
457,Murdock Greeson,mgreesonco@disqus.com,Male,Illinois,jcb,50.51
458,Kirstin Braunston,kbraunstoncp@businessinsider.com,Female,New York,diners-club-us-ca,84.95
459,Tommy Engeham,tengehamcq@ibm.com,Female,Nevada,china-unionpay,89.28
460,Morrie Streeten,mstreetencr@boston.com,Male,Texas,jcb,76.63
461,Kile Dafydd,kdafyddcs@state.tx.us,Male,Maryland,visa-electron,21.38
462,Rutledge Ferby,rferbyct@github.com,Male,California,visa,88.96
463,Brandie Linzey,blinzeycu@time.com,Female,Texas,jcb,36.87
464,Dicky Griston,dgristoncv@berkeley.edu,Male,Oklahoma,jcb,89.61
465,Flor Drover,fdrovercw@goo.gl,Female,Pennsylvania,jcb,33.1
466,Penny Lebel,plebelcx@ebay.com,Male,California,visa,55.11
467,Laurena Pearl,lpearlcy@sohu.com,Female,Florida,jcb,97.0
468,Shalom Di Biagi,sdicz@discovery.com,Male,Colorado,jcb,38.8
469,Oberon Bonehill,obonehilld0@prweb.com,Male,West Virginia,switch,75.38
470,Dell Boothroyd,dboothroydd1@liveinternet.ru,Female,North Carolina,americanexpress,84.49
471,Lishe Lownsbrough,llownsbroughd2@purevolume.com,Female,Minnesota,visa-electron,63.6
472,Koren Poltone,kpoltoned3@domainmarket.com,Female,Kansas,switch,56.31
473,Falito Strutz,fstrutzd4@aol.com,Male,Florida,jcb,57.4
474,Corrine Calladine,ccalladined5@wikia.com,Female,Georgia,jcb,24.54
475,Kassie Dadge,kdadged6@bravesites.com,Female,Texas,diners-club-carte-blanche,61.03
476,Rhianon Grayham,rgrayhamd7@sciencedirect.com,Female,New York,mastercard,78.42
477,Carlee Letts,clettsd8@hubpages.com,Female,Massachusetts,americanexpress,23.99
478,Wilmar Izkovitz,wizkovitzd9@about.com,Male,Alabama,switch,12.78
479,Josy Garden,jgardenda@yahoo.com,Female,New Mexico,diners-club-us-ca,98.6
480,Holmes Furze,hfurzedb@yelp.com,Male,Texas,jcb,8.71
481,Drusilla Hurkett,dhurkettdc@topsy.com,Female,Texas,maestro,76.88
482,Marilee Kesper,mkesperdd@nymag.com,Female,New Mexico,maestro,58.9
483,Kerry Gryglewski,kgryglewskide@pen.io,Female,Florida,jcb,90.28
484,Theda de Banke,tdedf@naver.com,Female,Florida,mastercard,62.62
485,Selby Redan,sredandg@answers.com,Male,Tennessee,jcb,57.53
486,Derek Rosensaft,drosensaftdh@cbslocal.com,Male,Minnesota,china-unionpay,73.26
487,Borden Jeanon,bjeanondi@alexa.com,Male,District of Columbia,jcb,8.74
488,Celka Mabbott,cmabbottdj@cbc.ca,Female,Texas,maestro,85.61
489,Rois Rumin,rrumindk@yandex.ru,Female,Texas,jcb,36.95
490,Grover Crohan,gcrohandl@qq.com,Male,North Carolina,diners-club-enroute,91.38
491,Feliks McGarrahan,fmcgarrahandm@columbia.edu,Male,South Carolina,visa-electron,31.03
492,Benjamin Soane,bsoanedn@yelp.com,Male,Virginia,maestro,50.59
493,Felicle Telezhkin,ftelezhkindo@weather.com,Female,Texas,mastercard,24.41
494,Davida Radleigh,dradleighdp@qq.com,Female,New York,jcb,82.71
495,Bo Tousy,btousydq@ox.ac.uk,Male,California,diners-club-carte-blanche,5.83
496,Obie Mullaly,omullalydr@thetimes.co.uk,Male,Alabama,jcb,62.9
497,Bradly Treppas,btreppasds@macromedia.com,Male,Texas,mastercard,2.16
498,Fremont Aiken,faikendt@angelfire.com,Male,New York,jcb,32.64
499,Raeann Ashbridge,rashbridgedu@cocolog-nifty.com,Female,California,mastercard,6.24
500,Klarika Dracey,kdraceydv@mozilla.com,Female,Maryland,jcb,57.56
501,Carrissa Yakubov,cyakubovdw@gov.uk,Female,Illinois,diners-club-us-ca,6.02
502,Isiahi Arpino,iarpinodx@cyberchimps.com,Male,Texas,diners-club-carte-blanche,59.33
503,Lillis Challace,lchallacedy@yolasite.com,Female,Alabama,diners-club-enroute,46.4
504,Benton Uridge,buridgedz@chronoengine.com,Male,Texas,visa-electron,94.21
505,Tab Burvill,tburville0@howstuffworks.com,Male,California,jcb,45.8
506,Martie Rosenbush,mrosenbushe1@oaic.gov.au,Female,Illinois,china-unionpay,62.87
507,Gregoor Seagood,gseagoode2@miibeian.gov.cn,Male,Georgia,jcb,22.2
508,Hal Aspray,haspraye3@kickstarter.com,Male,Georgia,diners-club-enroute,4.84
509,Leila Fallens,lfallense4@time.com,Female,Minnesota,mastercard,82.24
510,Thornton Rameau,trameaue5@networkadvertising.org,Male,Wyoming,jcb,22.11
511,Max Lilian,mliliane6@goo.gl,Female,Iowa,jcb,26.19
512,Kimmi Lampaert,klampaerte7@fda.gov,Female,Connecticut,mastercard,94.38
513,Arri Huntley,ahuntleye8@apple.com,Male,Virginia,jcb,93.02
514,Bat Stuer,bstuere9@nationalgeographic.com,Male,Indiana,china-unionpay,50.03
515,Hynda Stook,hstookea@wunderground.com,Female,Idaho,diners-club-carte-blanche,57.79
516,Scarlett Ogilby,sogilbyeb@dell.com,Female,Washington,diners-club-carte-blanche,44.53
517,Garnette Leavens,gleavensec@google.cn,Female,Florida,jcb,39.26
518,Udale Mattin,umattined@pcworld.com,Male,Missouri,mastercard,25.14
519,Hamnet Mapp,hmappee@who.int,Male,Louisiana,jcb,3.3
520,Babbie Bittlestone,bbittlestoneef@networksolutions.com,Female,Texas,jcb,12.29
521,Chariot Goodin,cgoodineg@instagram.com,Male,Texas,jcb,15.35
522,Parry Stroyan,pstroyaneh@nps.gov,Male,New Mexico,bankcard,38.55
523,Alena Antyukhin,aantyukhinei@w3.org,Female,Washington,laser,97.13
524,Kata Balstone,kbalstoneej@bloglines.com,Female,Ohio,jcb,73.53
525,Arte Olohan,aolohanek@acquirethisname.com,Male,New York,jcb,1.83
526,Britt Hugo,bhugoel@buzzfeed.com,Male,Texas,laser,43.74
527,Dougie Dennistoun,ddennistounem@163.com,Male,Oregon,jcb,74.98
528,Christine Mannion,cmannionen@bigcartel.com,Female,Florida,jcb,29.02
529,Wolfgang Stoakley,wstoakleyeo@rediff.com,Male,Georgia,visa,52.88
530,Holt Radley,hradleyep@google.pl,Male,Ohio,switch,96.29
531,Osgood Eustanch,oeustancheq@jalbum.net,Male,Minnesota,diners-club-carte-blanche,30.79
532,Angela Shankster,ashanksterer@netvibes.com,Female,Ohio,americanexpress,58.99
533,Riobard Befroy,rbefroyes@nasa.gov,Male,Louisiana,maestro,96.32
534,Pam Dillintone,pdillintoneet@wsj.com,Female,New York,visa,7.01
535,Zondra Sleightholm,zsleightholmeu@linkedin.com,Female,Indiana,diners-club-carte-blanche,47.51
536,Edmon Orgen,eorgenev@ebay.com,Male,New York,jcb,9.2
537,Cooper Braam,cbraamew@sourceforge.net,Male,Virginia,mastercard,14.08
538,Constancy Presland,cpreslandex@xing.com,Female,Wisconsin,diners-club-carte-blanche,13.15
539,Mellisent Penhaligon,mpenhaligoney@illinois.edu,Female,Nebraska,jcb,5.97
540,Patsy Pow,ppowez@columbia.edu,Female,Ohio,diners-club-carte-blanche,58.43
541,Chandal Damper,cdamperf0@newyorker.com,Female,Colorado,maestro,5.01
542,Kalvin Craigs,kcraigsf1@webnode.com,Male,South Dakota,maestro,19.47
543,Lodovico Fairbairn,lfairbairnf2@wiley.com,Male,California,solo,88.78
544,Elfie Lemmon,elemmonf3@go.com,Female,Florida,china-unionpay,26.66
545,Katlin Lauritzen,klauritzenf4@nymag.com,Female,Massachusetts,jcb,97.93
546,Corby Errowe,cerrowef5@macromedia.com,Male,Virginia,jcb,95.62
547,Maudie Chelnam,mchelnamf6@cloudflare.com,Female,Florida,jcb,57.83
548,Burtie Bottle,bbottlef7@columbia.edu,Male,Arkansas,jcb,37.93
549,Friederike Gammack,fgammackf8@yahoo.com,Female,Maryland,visa,85.89
550,Alberta Rowsell,arowsellf9@live.com,Female,Louisiana,bankcard,26.4
551,Alix Clarycott,aclarycottfa@google.com.br,Male,Wisconsin,jcb,66.42
552,Jervis Greetham,jgreethamfb@state.tx.us,Male,Oregon,visa,73.98
553,Griswold Bone,gbonefc@skype.com,Male,Virginia,diners-club-carte-blanche,66.21
554,Reece Youster,ryousterfd@diigo.com,Male,North Carolina,diners-club-us-ca,91.92
555,Mohandis Wesgate,mwesgatefe@google.fr,Male,Texas,mastercard,51.77
556,Toma Jeannequin,tjeannequinff@google.com,Female,Oregon,bankcard,70.28
557,Quint LAbbet,qlabbetfg@nasa.gov,Male,Massachusetts,jcb,12.51
558,Lou Perigoe,lperigoefh@yahoo.com,Female,New York,diners-club-carte-blanche,69.79
559,Jorrie Montford,jmontfordfi@tumblr.com,Female,Wisconsin,maestro,72.9
560,Enrika Dauby,edaubyfj@webnode.com,Female,New York,americanexpress,69.92
561,Domenico Payley,dpayleyfk@photobucket.com,Male,North Carolina,jcb,55.74
562,Lazar Tourner,ltournerfl@yahoo.com,Male,California,mastercard,80.17
563,Dani Rakestraw,drakestrawfm@ebay.co.uk,Male,Georgia,diners-club-enroute,31.48
564,Josephina Bohike,jbohikefn@stanford.edu,Female,Tennessee,china-unionpay,73.39
565,Cari Troth,ctrothfo@squidoo.com,Female,Iowa,jcb,34.87
566,Alex MacLaughlin,amaclaughlinfp@loc.gov,Male,Louisiana,switch,18.49
567,Mildrid Celloni,mcellonifq@unicef.org,Female,Pennsylvania,maestro,67.33
568,Melinda McGurn,mmcgurnfr@istockphoto.com,Female,Texas,bankcard,38.03
569,Mychal Sidebotton,msidebottonfs@psu.edu,Male,California,jcb,42.41
570,Oby Partridge,opartridgeft@salon.com,Male,North Carolina,americanexpress,90.02
571,Maren Haston,mhastonfu@mail.ru,Female,North Carolina,laser,79.55
572,Kliment McGaugan,kmcgauganfv@alibaba.com,Male,Michigan,diners-club-carte-blanche,57.55
573,Anetta Twinning,atwinningfw@canalblog.com,Female,Florida,diners-club-carte-blanche,31.35
574,Marianne Easterfield,measterfieldfx@fotki.com,Female,North Carolina,jcb,15.29
575,Carlota Ricardet,cricardetfy@yahoo.co.jp,Female,Washington,americanexpress,60.81
576,Norina Wedge,nwedgefz@wordpress.com,Female,California,jcb,15.89
577,Chelsy Dormer,cdormerg0@istockphoto.com,Female,Minnesota,jcb,64.44
578,Archibald Hornig,ahornigg1@army.mil,Male,Florida,jcb,38.21
579,Marylinda Botha,mbothag2@dropbox.com,Female,Kentucky,switch,29.91
580,Oralia Quartly,oquartlyg3@theguardian.com,Female,New York,maestro,92.6
581,Jonas Parsons,jparsonsg4@ebay.co.uk,Male,Florida,switch,26.74
582,Sutton Scantlebury,sscantleburyg5@mit.edu,Male,Ohio,diners-club-carte-blanche,9.89
583,Kym Readhead,kreadheadg6@reference.com,Female,Tennessee,diners-club-us-ca,16.64
584,Ethyl Fearnill,efearnillg7@weibo.com,Female,Texas,jcb,31.05
585,Egor Jereatt,ejereattg8@unicef.org,Male,North Carolina,jcb,15.91
586,Odille Monelle,omonelleg9@t.co,Female,Arizona,jcb,17.88
587,Weber Bernardt,wbernardtga@auda.org.au,Male,New York,mastercard,11.32
588,Kayley Zohrer,kzohrergb@arstechnica.com,Female,Nevada,switch,99.51
589,Alfred Houldey,ahouldeygc@digg.com,Male,Ohio,maestro,85.04
590,Nerte Standen,nstandengd@flavors.me,Female,Oregon,jcb,33.44
591,Gal Toke,gtokege@reference.com,Male,South Carolina,diners-club-carte-blanche,3.35
592,Mitch Litchfield,mlitchfieldgf@t.co,Male,Ohio,laser,95.79
593,Pearle Bicksteth,pbickstethgg@wunderground.com,Female,California,laser,69.06
594,Forest Langston,flangstongh@amazon.co.uk,Male,New Jersey,jcb,52.63
595,Thia Sprionghall,tsprionghallgi@tripod.com,Female,Florida,jcb,27.56
596,Drew Rosenwald,drosenwaldgj@phpbb.com,Male,Utah,jcb,81.84
597,Kassi Vlach,kvlachgk@bloomberg.com,Female,Nevada,jcb,92.35
598,Nikita Darey,ndareygl@trellian.com,Male,Georgia,switch,60.1
599,Trip Tadgell,ttadgellgm@lulu.com,Male,New York,mastercard,21.49
600,Blayne Freke,bfrekegn@weather.com,Male,Wisconsin,jcb,16.2
601,Bernadine Lyenyng,blyenynggo@aol.com,Female,Indiana,visa-electron,4.14
602,Meredith Jerson,mjersongp@opera.com,Female,Florida,jcb,69.41
603,Bertina Westwick,bwestwickgq@cbslocal.com,Female,Virginia,maestro,89.69
604,Maurene Margerrison,mmargerrisongr@archive.org,Female,District of Columbia,instapayment,59.68
605,Schuyler Marshland,smarshlandgs@oakley.com,Male,Missouri,maestro,1.02
606,Briant Coil,bcoilgt@networkadvertising.org,Male,Utah,mastercard,93.25
607,Flossie Quig,fquiggu@purevolume.com,Female,California,mastercard,33.8
608,Ortensia Trahar,otrahargv@goo.ne.jp,Female,California,jcb,77.85
609,Georgette Bleyman,gbleymangw@google.com,Female,California,china-unionpay,67.99
610,Elysia Torfin,etorfingx@wp.com,Female,Connecticut,solo,97.2
611,Fionna Seamarke,fseamarkegy@constantcontact.com,Female,Texas,jcb,99.09
612,Miquela Noddings,mnoddingsgz@earthlink.net,Female,Arizona,diners-club-carte-blanche,1.31
613,Remington Common,rcommonh0@thetimes.co.uk,Male,Nevada,china-unionpay,62.52
614,Bernie McKenny,bmckennyh1@ning.com,Male,Michigan,jcb,34.32
615,Christy Culshaw,cculshawh2@hao123.com,Female,California,jcb,91.57
616,Josephine Rigmand,jrigmandh3@mashable.com,Female,Texas,mastercard,63.41
617,Adelice Polleye,apolleyeh4@ed.gov,Female,District of Columbia,jcb,35.06
618,Kalinda Portinari,kportinarih5@icq.com,Female,Florida,china-unionpay,36.26
619,Tristam Lorrie,tlorrieh6@quantcast.com,Male,Texas,jcb,95.6
620,Wiatt Kail,wkailh7@g.co,Male,New York,jcb,33.99
621,Dreddy Whitbread,dwhitbreadh8@google.nl,Female,Texas,americanexpress,91.39
622,Carla Durie,cdurieh9@bbc.co.uk,Female,Connecticut,mastercard,85.38
623,Curtice Spragge,cspraggeha@nih.gov,Male,Georgia,jcb,82.84
624,Ansell Heath,aheathhb@whitehouse.gov,Male,Missouri,americanexpress,87.69
625,Jasun Starmont,jstarmonthc@telegraph.co.uk,Male,Colorado,jcb,56.06
626,Worden Abys,wabyshd@freewebs.com,Male,Washington,maestro,68.29
627,Dannel Dunston,ddunstonhe@storify.com,Male,Louisiana,jcb,98.19
628,Norrie Brennan,nbrennanhf@biglobe.ne.jp,Female,Pennsylvania,jcb,97.51
629,Stavro Retchford,sretchfordhg@de.vu,Male,California,diners-club-carte-blanche,15.94
630,Gustave Matis,gmatishh@typepad.com,Male,South Carolina,solo,64.97
631,Cordy Basilotta,cbasilottahi@mlb.com,Male,Minnesota,mastercard,44.21
632,Ephraim Wilkes,ewilkeshj@nifty.com,Male,Texas,visa-electron,69.84
633,Minetta Zanuciolii,mzanucioliihk@ow.ly,Female,Massachusetts,jcb,37.58
634,Ramona Rijkeseis,rrijkeseishl@topsy.com,Female,Indiana,visa-electron,57.94
635,Xavier Leftwich,xleftwichhm@creativecommons.org,Male,New York,americanexpress,78.88
636,Portie Panswick,ppanswickhn@unc.edu,Male,California,visa,6.88
637,Gwennie Adrian,gadrianho@nbcnews.com,Female,Nevada,china-unionpay,80.42
638,Karola Dee,kdeehp@rakuten.co.jp,Female,New Jersey,maestro,58.16
639,Godart Meates,gmeateshq@smugmug.com,Male,Tennessee,diners-club-enroute,54.68
640,Nathalie Chinery,nchineryhr@storify.com,Female,California,switch,65.27
641,Arnold Roggero,aroggerohs@washington.edu,Male,Texas,mastercard,96.02
642,Therese Mulqueen,tmulqueenht@bizjournals.com,Female,Florida,jcb,1.55
643,Lisa Lynas,llynashu@shareasale.com,Female,Ohio,instapayment,57.68
644,Zoe Ida,zidahv@squidoo.com,Female,Texas,bankcard,28.94
645,Gaston Braunroth,gbraunrothhw@fotki.com,Male,California,jcb,38.37
646,Ransom Jolliff,rjolliffhx@tripadvisor.com,Male,Georgia,jcb,59.15
647,Madelon Burrows,mburrowshy@fda.gov,Female,Michigan,americanexpress,18.63
648,Jolee O'Lennane,jolennanehz@freewebs.com,Female,Florida,switch,92.68
649,Alvina Debill,adebilli0@ed.gov,Female,District of Columbia,jcb,52.4
650,Gawain Bullion,gbullioni1@japanpost.jp,Male,Washington,jcb,86.99
651,Rodie O'Mullaney,romullaneyi2@mozilla.com,Female,Iowa,jcb,51.41
652,Minerva Plummer,mplummeri3@reuters.com,Female,Virginia,americanexpress,93.12
653,Holli Backe,hbackei4@icio.us,Female,Maryland,china-unionpay,19.53
654,Hughie Goodman,hgoodmani5@ezinearticles.com,Male,Florida,visa,1.07
655,Janela Harroll,jharrolli6@techcrunch.com,Female,Minnesota,maestro,84.47
656,Irvin Bumby,ibumbyi7@youku.com,Male,Michigan,americanexpress,24.53
657,Johann Ifill,jifilli8@cam.ac.uk,Male,District of Columbia,visa,82.52
658,Kirby McCrackan,kmccrackani9@nydailynews.com,Male,Ohio,americanexpress,28.56
659,Lewiss Drust,ldrustia@simplemachines.org,Male,Colorado,china-unionpay,40.67
660,Idalina Botley,ibotleyib@technorati.com,Female,Wisconsin,maestro,8.46
661,Stanislaw Emery,semeryic@blogger.com,Male,California,maestro,84.93
662,Lukas Hilling,lhillingid@shareasale.com,Male,Ohio,jcb,32.47
663,Dall Trewhela,dtrewhelaie@com.com,Male,Arkansas,maestro,16.88
664,Harriett Bittleson,hbittlesonif@discuz.net,Female,Washington,mastercard,74.45
665,Kassey Feldstern,kfeldsternig@twitter.com,Female,Nevada,jcb,17.45
666,Elora MacShirie,emacshirieih@exblog.jp,Female,Florida,switch,92.52
667,Alexandro Lohmeyer,alohmeyerii@istockphoto.com,Male,Massachusetts,instapayment,99.41
668,Hube Newham,hnewhamij@macromedia.com,Male,Indiana,jcb,34.74
669,Son Unstead,sunsteadik@scribd.com,Male,Texas,switch,19.42
670,Waylan Croydon,wcroydonil@cdbaby.com,Male,North Dakota,maestro,36.41
671,Jacklin Gateland,jgatelandim@sbwire.com,Female,Nebraska,jcb,78.81
672,Gabbi Aland,galandin@cafepress.com,Female,Colorado,jcb,95.16
673,Carry Jenteau,cjenteauio@boston.com,Female,Minnesota,jcb,64.07
674,Janina Toffts,jtofftsip@unesco.org,Female,Alabama,jcb,48.82
675,Mindy Sivills,msivillsiq@blogspot.com,Female,Virginia,maestro,81.69
676,Armstrong Hampton,ahamptonir@mail.ru,Male,North Carolina,visa-electron,91.38
677,Emeline Trengrove,etrengroveis@home.pl,Female,Virginia,jcb,87.46
678,Zebulen Ayling,zaylingit@nymag.com,Male,Colorado,visa-electron,92.27
679,Coleman Branchet,cbranchetiu@360.cn,Male,Georgia,jcb,86.05
680,Whitaker Rossbrook,wrossbrookiv@mayoclinic.com,Male,Louisiana,diners-club-carte-blanche,66.57
681,Koenraad Meco,kmecoiw@privacy.gov.au,Male,Oklahoma,jcb,18.79
682,Wilden Haire,whaireix@eepurl.com,Male,New York,jcb,43.54
683,Joannes Keesman,jkeesmaniy@paginegialle.it,Female,District of Columbia,jcb,40.26
684,Michail O'Farrell,mofarrelliz@fotki.com,Male,Louisiana,bankcard,16.49
685,Hestia Listone,hlistonej0@europa.eu,Female,Florida,visa-electron,75.1
686,Augustus Carhart,acarhartj1@usatoday.com,Male,Colorado,diners-club-enroute,88.72
687,Modestia Gonthier,mgonthierj2@geocities.com,Female,Florida,jcb,79.38
688,Murielle Cordey,mcordeyj3@cnet.com,Female,Texas,jcb,81.71
689,Rupert Chrippes,rchrippesj4@ftc.gov,Male,Pennsylvania,laser,30.89
690,Norman Dudny,ndudnyj5@bravesites.com,Male,North Carolina,diners-club-us-ca,56.63
691,Kimball Izkovitz,kizkovitzj6@columbia.edu,Male,Mississippi,diners-club-enroute,9.61
692,Vite Burnett,vburnettj7@over-blog.com,Male,Colorado,maestro,12.27
693,Rochella Eglaise,reglaisej8@mediafire.com,Female,Florida,china-unionpay,48.98
694,Lorelle Skippon,lskipponj9@constantcontact.com,Female,Nevada,jcb,47.69
695,Jareb Francioli,jfranciolija@ucoz.com,Male,Alabama,diners-club-enroute,17.35
696,Nellie O'Dyvoy,nodyvoyjb@goodreads.com,Female,Pennsylvania,switch,80.56
697,Mead Gaisford,mgaisfordjc@a8.net,Male,New York,bankcard,39.19
698,Andree Hayden,ahaydenjd@networkadvertising.org,Female,Arizona,diners-club-enroute,9.54
699,Vincents McLise,vmcliseje@vkontakte.ru,Male,Connecticut,bankcard,24.55
700,Kendra Alanbrooke,kalanbrookejf@nifty.com,Female,Texas,jcb,7.4
701,Kally Siemon,ksiemonjg@cmu.edu,Female,Texas,visa-electron,37.7
702,Emalee Slowcock,eslowcockjh@timesonline.co.uk,Female,Florida,jcb,24.2
703,Galven Mays,gmaysji@earthlink.net,Male,Ohio,bankcard,21.46
704,Fleurette Willder,fwillderjj@comcast.net,Female,Arizona,jcb,46.48
705,Web Olivey,woliveyjk@nasa.gov,Male,Kansas,maestro,81.56
706,Mandel Menzies,mmenziesjl@uol.com.br,Male,Oregon,jcb,26.7
707,Esmaria Kynvin,ekynvinjm@issuu.com,Female,Arizona,mastercard,67.73
708,Charmion Staley,cstaleyjn@pbs.org,Female,West Virginia,visa-electron,91.19
709,Hartley McGiven,hmcgivenjo@baidu.com,Male,District of Columbia,switch,4.94
710,Ralf Crolly,rcrollyjp@indiatimes.com,Male,North Carolina,instapayment,39.79
711,Ewan Lidstone,elidstonejq@amazon.co.uk,Male,New York,americanexpress,31.1
712,Maribeth Digginson,mdigginsonjr@examiner.com,Female,Washington,mastercard,33.96
713,Arlyne Menichelli,amenichellijs@zdnet.com,Female,Virginia,mastercard,12.93
714,Sybila Steven,sstevenjt@businessinsider.com,Female,Ohio,jcb,37.32
715,Venus Hencke,vhenckeju@lycos.com,Female,Connecticut,jcb,92.0
716,Nancy Eronie,neroniejv@pbs.org,Female,Iowa,jcb,80.5
717,Giacopo Brisley,gbrisleyjw@vistaprint.com,Male,North Carolina,jcb,52.5
718,Terrie Burress,tburressjx@oaic.gov.au,Female,Maryland,visa,54.53
719,Marshall Lorek,mlorekjy@icq.com,Male,Pennsylvania,china-unionpay,69.16
720,Maxy Braams,mbraamsjz@multiply.com,Male,Texas,jcb,75.41
721,Anson Got,agotk0@g.co,Male,New York,visa-electron,92.15
722,Gui Pashenkov,gpashenkovk1@zimbio.com,Female,Texas,diners-club-enroute,75.62
723,Francine Son,fsonk2@opera.com,Female,Maryland,jcb,99.22
724,Washington Rau,wrauk3@tripadvisor.com,Male,Alabama,mastercard,83.71
725,Rafael Huntriss,rhuntrissk4@furl.net,Male,Colorado,jcb,51.05
726,Kassia Downgate,kdowngatek5@goo.ne.jp,Female,Kentucky,jcb,40.58
727,Vina Tomaskov,vtomaskovk6@storify.com,Female,Missouri,jcb,86.84
728,Binni Macconaghy,bmacconaghyk7@pbs.org,Female,California,maestro,18.73
729,Ceil Conyard,cconyardk8@whitehouse.gov,Female,Florida,jcb,62.62
730,Noe Fittall,nfittallk9@twitter.com,Male,Tennessee,mastercard,3.35
731,Laura Pimme,lpimmeka@hugedomains.com,Female,Utah,jcb,93.88
732,Zora Bortolotti,zbortolottikb@friendfeed.com,Female,Alaska,instapayment,59.62
733,Sile Pudan,spudankc@blogger.com,Female,New Jersey,laser,67.38
734,Pate Harewood,pharewoodkd@arstechnica.com,Male,Tennessee,maestro,26.51
735,Corbin Pinkett,cpinkettke@java.com,Male,Indiana,jcb,88.19
736,Drusilla Collyear,dcollyearkf@stumbleupon.com,Female,Illinois,americanexpress,59.58
737,Rita Arman,rarmankg@statcounter.com,Female,Massachusetts,mastercard,17.94
738,Yelena Aubin,yaubinkh@phpbb.com,Female,Indiana,diners-club-enroute,48.05
739,Nicole Bytheway,nbythewayki@blogspot.com,Female,Arizona,jcb,6.52
740,Purcell Blinckhorne,pblinckhornekj@webnode.com,Male,Iowa,jcb,94.68
741,Dorene Bayless,dbaylesskk@independent.co.uk,Female,North Carolina,diners-club-carte-blanche,23.89
742,Henrieta Pruce,hprucekl@plala.or.jp,Female,New York,americanexpress,28.96
743,Gilberta Law,glawkm@uol.com.br,Female,Texas,americanexpress,26.24
744,Isidore Scad,iscadkn@people.com.cn,Male,Pennsylvania,jcb,44.31
745,Trenna Licquorish,tlicquorishko@jalbum.net,Female,Georgia,mastercard,36.82
746,Danyette Fearnyhough,dfearnyhoughkp@techcrunch.com,Female,Illinois,maestro,82.86
747,Eustacia Dalmon,edalmonkq@w3.org,Female,Michigan,diners-club-carte-blanche,64.32
748,Ginelle Phayre,gphayrekr@answers.com,Female,New Jersey,jcb,5.72
749,Aharon Jelkes,ajelkesks@google.fr,Male,Connecticut,americanexpress,42.24
750,Sara-ann Holyard,sholyardkt@vkontakte.ru,Female,New Jersey,jcb,49.67
751,Yvon Domotor,ydomotorku@yellowpages.com,Male,Alabama,jcb,60.23
752,Ringo Gillespey,rgillespeykv@hibu.com,Male,South Dakota,jcb,71.0
753,Deny Haistwell,dhaistwellkw@goo.gl,Female,Florida,jcb,42.42
754,Geno Earthfield,gearthfieldkx@qq.com,Male,Texas,china-unionpay,26.48
755,Sophronia Lorkin,slorkinky@trellian.com,Female,Virginia,mastercard,97.17
756,Gerri Holdron,gholdronkz@edublogs.org,Male,Iowa,maestro,48.16
757,Emmery Assiter,eassiterl0@jigsy.com,Male,North Carolina,visa-electron,76.5
758,Giorgia Brailsford,gbrailsfordl1@disqus.com,Female,Florida,jcb,92.6
759,Lynnett Newdick,lnewdickl2@networkadvertising.org,Female,Texas,jcb,81.02
760,Terra Lilloe,tlilloel3@nba.com,Female,Texas,jcb,58.99
761,Glen Nizet,gnizetl4@jalbum.net,Female,Arizona,jcb,88.79
762,Charlena Fawdrey,cfawdreyl5@phpbb.com,Female,Nevada,china-unionpay,14.8
763,Charmaine Binding,cbindingl6@cargocollective.com,Female,New Jersey,americanexpress,95.51
764,Meta Sylvaine,msylvainel7@over-blog.com,Female,Maryland,jcb,39.59
765,Lena Loweth,llowethl8@linkedin.com,Female,Kansas,maestro,87.18
766,Cissiee Raffin,craffinl9@sourceforge.net,Female,Missouri,jcb,45.25
767,Jaclyn Goolden,jgooldenla@hhs.gov,Female,Maryland,jcb,40.42
768,Lazaro Benkhe,lbenkhelb@aboutads.info,Male,Ohio,china-unionpay,88.3
769,Viviyan Sancto,vsanctolc@unicef.org,Female,Texas,bankcard,40.63
770,Onfroi McCrory,omccroryld@godaddy.com,Male,Alaska,jcb,75.4
771,Shayna Nono,snonole@xrea.com,Female,Virginia,visa-electron,96.27
772,Alfie Beathem,abeathemlf@harvard.edu,Male,Indiana,china-unionpay,10.84
773,Winslow Orritt,worrittlg@spiegel.de,Male,Minnesota,maestro,58.35
774,Ignacius Cuvley,icuvleylh@time.com,Male,Connecticut,jcb,93.45
775,Rowen Robins,rrobinsli@de.vu,Male,Pennsylvania,china-unionpay,3.55
776,Kayla McBain,kmcbainlj@illinois.edu,Female,South Carolina,bankcard,1.95
777,Cass Capnerhurst,ccapnerhurstlk@constantcontact.com,Female,Colorado,bankcard,90.82
778,Stormi Harrie,sharriell@youku.com,Female,Indiana,jcb,98.22
779,Margarethe Leaton,mleatonlm@bizjournals.com,Female,Florida,diners-club-enroute,89.26
780,Frankie Gabbetis,fgabbetisln@yandex.ru,Male,Texas,china-unionpay,13.29
781,Joachim Oley,joleylo@domainmarket.com,Male,Nevada,jcb,92.9
782,Vannie Coltherd,vcoltherdlp@ucoz.ru,Female,Hawaii,jcb,43.48
783,Jase Ebbers,jebberslq@answers.com,Male,Illinois,mastercard,19.09
784,Rozalie Branwhite,rbranwhitelr@surveymonkey.com,Female,Ohio,switch,27.41
785,Corabel Bowley,cbowleyls@technorati.com,Female,Florida,jcb,39.93
786,Philip Laye,playelt@twitter.com,Male,California,laser,34.23
787,Bengt Moniker,bmonikerlu@un.org,Male,Texas,jcb,52.09
788,Cynthy Shearsby,cshearsbylv@phpbb.com,Female,New York,mastercard,49.44
789,Dinnie Eley,deleylw@altervista.org,Female,Oregon,jcb,72.6
790,Brice Kittless,bkittlesslx@github.io,Male,Virginia,jcb,78.95
791,Alister Lohrensen,alohrensenly@smugmug.com,Male,Florida,visa-electron,91.77
792,Lorelei Bendle,lbendlelz@usnews.com,Female,California,jcb,12.34
793,Hugues Mowne,hmownem0@stanford.edu,Male,Ohio,jcb,79.02
794,Biddie Jenney,bjenneym1@amazonaws.com,Female,South Carolina,laser,35.76
795,Jess Wasiela,jwasielam2@admin.ch,Male,Virginia,laser,85.84
796,Rog Crumpton,rcrumptonm3@rakuten.co.jp,Male,New Jersey,americanexpress,59.43
797,Dev Manolov,dmanolovm4@sourceforge.net,Male,Washington,jcb,49.32
798,Ianthe Fliege,ifliegem5@hao123.com,Female,North Carolina,jcb,33.42
799,Merci Hebner,mhebnerm6@wiley.com,Female,District of Columbia,jcb,72.67
800,Lana Murty,lmurtym7@360.cn,Female,Virginia,solo,32.56
801,Goober Hanne,ghannem8@so-net.ne.jp,Male,Kentucky,mastercard,84.61
802,Chanda Grzelczyk,cgrzelczykm9@engadget.com,Female,Georgia,switch,41.72
803,Joline Caile,jcailema@jigsy.com,Female,Illinois,switch,93.52
804,Avis Beetles,abeetlesmb@studiopress.com,Female,Texas,jcb,41.88
805,Ki Notti,knottimc@reverbnation.com,Female,California,maestro,25.29
806,Cyril Humfrey,chumfreymd@merriam-webster.com,Male,Virginia,mastercard,94.89
807,Rodolfo Bygraves,rbygravesme@chron.com,Male,Colorado,jcb,42.09
808,Franzen Gitsham,fgitshammf@bloglines.com,Male,Alabama,bankcard,11.96
809,Felice Lages,flagesmg@tamu.edu,Female,California,americanexpress,59.81
810,Rowney Giacomucci,rgiacomuccimh@oaic.gov.au,Male,New Jersey,jcb,66.72
811,Mendy De Marchi,mdemi@phoca.cz,Male,Oklahoma,maestro,66.39
812,Isis Vakhonin,ivakhoninmj@meetup.com,Female,Alabama,solo,5.25
813,Silvia Tatton,stattonmk@hc360.com,Female,South Carolina,visa-electron,6.84
814,Annamarie Scarf,ascarfml@rakuten.co.jp,Female,Nevada,switch,9.72
815,Lynett Duny,ldunymm@chronoengine.com,Female,Georgia,jcb,70.12
816,Hugibert Gaythor,hgaythormn@alibaba.com,Male,Florida,laser,13.44
817,Papageno Lauritsen,plauritsenmo@msn.com,Male,Pennsylvania,jcb,29.16
818,Katrine Leathley,kleathleymp@epa.gov,Female,Georgia,jcb,53.19
819,Loralee Melchior,lmelchiormq@yolasite.com,Female,Kentucky,jcb,77.38
820,Paton Rizzetti,prizzettimr@qq.com,Male,California,jcb,20.51
821,Astrid Click,aclickms@forbes.com,Female,Arkansas,jcb,63.54
822,Ikey Morin,imorinmt@flickr.com,Male,Missouri,diners-club-carte-blanche,60.54
823,Damiano Marusic,dmarusicmu@addtoany.com,Male,Ohio,jcb,69.75
824,Herta Brocklehurst,hbrocklehurstmv@wikimedia.org,Female,Hawaii,switch,54.9
825,Larina Daykin,ldaykinmw@sitemeter.com,Female,Indiana,jcb,98.51
826,Giavani Kegley,gkegleymx@aol.com,Male,Montana,americanexpress,88.72
827,Reggy Gounard,rgounardmy@tmall.com,Male,Missouri,jcb,43.81
828,Ammamaria Crosetto,acrosettomz@discovery.com,Female,Florida,jcb,79.87
829,Adrien Prosch,aproschn0@merriam-webster.com,Male,Georgia,diners-club-international,87.47
830,Cammy Rimell,crimelln1@yellowpages.com,Male,California,americanexpress,8.21
831,Susan Boulder,sbouldern2@gizmodo.com,Female,Colorado,mastercard,14.33
832,Horace Foxall,hfoxalln3@forbes.com,Male,New York,jcb,60.89
833,Shanta Deverall,sdeveralln4@theatlantic.com,Female,Florida,maestro,24.1
834,Pegeen Wookey,pwookeyn5@dot.gov,Female,Texas,visa-electron,90.71
835,Dosi Guerriero,dguerrieron6@washington.edu,Female,Utah,jcb,48.23
836,Richard Blasik,rblasikn7@wiley.com,Male,Texas,jcb,90.27
837,Sutherland Bendin,sbendinn8@rediff.com,Male,Virginia,jcb,5.23
838,Johnette Manford,jmanfordn9@e-recht24.de,Female,Minnesota,jcb,87.92
839,Tedman Barnwill,tbarnwillna@google.nl,Male,Illinois,maestro,41.26
840,Marion Trulock,mtrulocknb@is.gd,Male,Virginia,maestro,16.35
841,Gustavus Millington,gmillingtonnc@state.tx.us,Male,Florida,jcb,13.06
842,Claire Freund,cfreundnd@sogou.com,Male,North Carolina,jcb,76.46
843,Julina Murrells,jmurrellsne@sciencedaily.com,Female,Florida,visa-electron,89.47
844,Forester Banaszczyk,fbanaszczyknf@marketwatch.com,Male,Texas,solo,12.1
845,Raimondo Ogan,roganng@unblog.fr,Male,Florida,mastercard,88.18
846,Milka Barton,mbartonnh@parallels.com,Female,Colorado,jcb,5.71
847,Nicolais Cotter,ncotterni@techcrunch.com,Male,New York,jcb,8.26
848,Yard Drinkale,ydrinkalenj@g.co,Male,Georgia,americanexpress,65.03
849,Ruby Farmer,rfarmernk@alexa.com,Male,Texas,mastercard,20.84
850,Herculie Barsam,hbarsamnl@wp.com,Male,California,mastercard,82.11
851,Johannes Gristhwaite,jgristhwaitenm@163.com,Male,Missouri,jcb,58.67
852,Fletch Lomasney,flomasneynn@ehow.com,Male,Texas,mastercard,20.3
853,Wang Alsford,walsfordno@jimdo.com,Male,Missouri,jcb,98.8
854,Cordey Cudd,ccuddnp@howstuffworks.com,Female,New York,jcb,25.95
855,Sarena Postle,spostlenq@yahoo.co.jp,Female,District of Columbia,bankcard,60.48
856,Erhard Stirley,estirleynr@wufoo.com,Male,North Carolina,china-unionpay,47.08
857,Leah Elman,lelmanns@pinterest.com,Female,Ohio,jcb,15.8
858,Jolie Huniwall,jhuniwallnt@chron.com,Female,Kentucky,jcb,34.47
859,Marlane Blyth,mblythnu@istockphoto.com,Female,West Virginia,jcb,20.08
860,Meggie Fassbindler,mfassbindlernv@imdb.com,Female,Texas,china-unionpay,36.66
861,Rance Bengtsson,rbengtssonnw@mayoclinic.com,Male,Colorado,jcb,64.68
862,Bili Lengthorn,blengthornnx@umn.edu,Female,Wisconsin,visa,6.06
863,Skylar Sherrington,ssherringtonny@freewebs.com,Male,South Dakota,maestro,24.53
864,Henrik Frostdick,hfrostdicknz@stanford.edu,Male,Massachusetts,switch,23.19
865,Kellina Kaspar,kkasparo0@xinhuanet.com,Female,Connecticut,jcb,15.71
866,Daune Choat,dchoato1@homestead.com,Female,Florida,maestro,54.42
867,Nicolette Gibard,ngibardo2@blinklist.com,Female,Louisiana,jcb,95.02
868,Shermie Whorton,swhortono3@163.com,Male,Iowa,jcb,82.92
869,Ulrich Yakovliv,uyakovlivo4@infoseek.co.jp,Male,West Virginia,bankcard,42.96
870,Geoffrey Neicho,gneichoo5@epa.gov,Male,New York,jcb,28.58
871,Merline Greeves,mgreeveso6@google.ru,Female,Kansas,visa-electron,59.31
872,Raimondo Holleworth,rhollewortho7@foxnews.com,Male,California,jcb,37.65
873,Garrot Khidr,gkhidro8@statcounter.com,Male,Texas,mastercard,4.4
874,Collette Finlaison,cfinlaisono9@hibu.com,Female,Georgia,diners-club-carte-blanche,59.99
875,Morris Shaughnessy,mshaughnessyoa@devhub.com,Male,District of Columbia,jcb,6.03
876,Addison Postin,apostinob@businessinsider.com,Male,Ohio,china-unionpay,37.3
877,Filmore Bott,fbottoc@zimbio.com,Male,Tennessee,switch,37.32
878,Jonathon Habershaw,jhabershawod@illinois.edu,Male,Ohio,maestro,59.74
879,Lucas Livermore,llivermoreoe@usgs.gov,Male,Virginia,jcb,32.81
880,Melisent Crummey,mcrummeyof@newsvine.com,Female,California,mastercard,70.14
881,Perle Yerlett,pyerlettog@meetup.com,Female,Mississippi,jcb,77.85
882,Avie Falk,afalkoh@unicef.org,Female,Florida,jcb,6.26
883,Karlie Baumann,kbaumannoi@angelfire.com,Female,California,instapayment,43.12
884,Teddy Burgon,tburgonoj@nhs.uk,Male,District of Columbia,americanexpress,20.74
885,Seymour Foyster,sfoysterok@sphinn.com,Male,Pennsylvania,jcb,90.66
886,Winslow Brannan,wbrannanol@nbcnews.com,Male,Texas,switch,36.18
887,Dani Ferrey,dferreyom@themeforest.net,Male,Missouri,jcb,56.47
888,Brett Queyos,bqueyoson@bloomberg.com,Female,Iowa,diners-club-us-ca,23.09
889,Granny Beckers,gbeckersoo@hc360.com,Male,Louisiana,mastercard,33.37
890,Angele Cavnor,acavnorop@mysql.com,Female,Illinois,mastercard,17.19
891,Drugi Ervine,dervineoq@tripod.com,Male,California,laser,59.78
892,Cello Feldklein,cfeldkleinor@ameblo.jp,Male,District of Columbia,jcb,39.56
893,Jacklyn Slesser,jslesseros@oakley.com,Female,Oklahoma,maestro,5.52
894,Ferdy Calendar,fcalendarot@bigcartel.com,Male,California,maestro,20.33
895,Ermanno McRobbie,emcrobbieou@usa.gov,Male,Texas,maestro,9.01
896,Dedie Morrow,dmorrowov@buzzfeed.com,Female,Minnesota,jcb,8.5
897,Fan Lupson,flupsonow@vistaprint.com,Female,Indiana,diners-club-carte-blanche,65.91
898,Alexia Snazle,asnazleox@pen.io,Female,Mississippi,switch,16.61
899,Clark Martynov,cmartynovoy@sakura.ne.jp,Male,Ohio,jcb,52.06
900,Jaime Eddington,jeddingtonoz@irs.gov,Male,South Carolina,maestro,3.23
901,Hunt Baruch,hbaruchp0@msn.com,Male,California,switch,81.42
902,Pippa Brotherheed,pbrotherheedp1@google.com.au,Female,Pennsylvania,china-unionpay,55.5
903,Ginny Zienkiewicz,gzienkiewiczp2@freewebs.com,Female,Indiana,jcb,60.92
904,Jack Vassay,jvassayp3@kickstarter.com,Male,Virginia,visa-electron,72.05
905,Bambie Batch,bbatchp4@opensource.org,Female,Oklahoma,visa-electron,47.03
906,Cammy Jerdan,cjerdanp5@wix.com,Female,New York,jcb,13.49
907,Jakie Skyner,jskynerp6@issuu.com,Male,New York,mastercard,84.1
908,Sheff Bareham,sbarehamp7@about.me,Male,Indiana,visa-electron,96.21
909,Mandi Allsobrook,mallsobrookp8@shinystat.com,Female,Alabama,jcb,30.96
910,Joseito Khan,jkhanp9@wired.com,Male,Virginia,jcb,87.32
911,Alex Tollerfield,atollerfieldpa@usatoday.com,Male,Iowa,maestro,94.95
912,Blinny Chesney,bchesneypb@mail.ru,Female,Tennessee,solo,76.82
913,Rani Algore,ralgorepc@vimeo.com,Female,Arizona,switch,21.12
914,Tito Guido,tguidopd@mapy.cz,Male,Washington,jcb,51.15
915,Riane Benninck,rbenninckpe@ameblo.jp,Female,District of Columbia,jcb,63.91
916,Jecho Galiford,jgalifordpf@gov.uk,Male,Washington,jcb,4.97
917,Selie Strevens,sstrevenspg@squarespace.com,Female,California,switch,73.88
918,Gaynor Yetton,gyettonph@narod.ru,Female,Oklahoma,jcb,18.4
919,Araldo Esland,aeslandpi@surveymonkey.com,Male,Massachusetts,jcb,61.94
920,Gerda Adacot,gadacotpj@hugedomains.com,Female,Nebraska,visa-electron,21.6
921,Tarrance Hairs,thairspk@dropbox.com,Male,Louisiana,mastercard,96.55
922,Lanny Pycock,lpycockpl@fotki.com,Female,Tennessee,switch,35.49
923,Carla Hatfield,chatfieldpm@acquirethisname.com,Female,Virginia,diners-club-enroute,90.88
924,Rex Blockey,rblockeypn@posterous.com,Male,Pennsylvania,jcb,97.89
925,Maison Devonport,mdevonportpo@nymag.com,Male,District of Columbia,instapayment,6.12
926,Justine Salerno,jsalernopp@salon.com,Female,New York,jcb,79.78
927,Elianora Tasker,etaskerpq@ox.ac.uk,Female,District of Columbia,jcb,77.66
928,Christal Slaght,cslaghtpr@si.edu,Female,Florida,visa-electron,36.04
929,Bobby Drust,bdrustps@loc.gov,Female,Pennsylvania,jcb,15.1
930,Shanie Tallant,stallantpt@alexa.com,Female,New York,jcb,3.19
931,Hastings Kupper,hkupperpu@bluehost.com,Male,Georgia,jcb,84.46
932,Jarrett Wagg,jwaggpv@discovery.com,Male,Delaware,china-unionpay,41.2
933,Morten Lebourn,mlebournpw@cbsnews.com,Male,Nebraska,jcb,47.49
934,Waylin Grandisson,wgrandissonpx@usatoday.com,Male,California,jcb,23.22
935,Emlyn Rulton,erultonpy@mysql.com,Female,California,mastercard,23.89
936,Lamont MacCaffrey,lmaccaffreypz@sphinn.com,Male,Iowa,jcb,8.42
937,Rosalyn Goly,rgolyq0@blogspot.com,Female,Georgia,bankcard,43.52
938,Benedikta Berrycloth,bberryclothq1@kickstarter.com,Female,Washington,jcb,96.82
939,Shoshana Foulis,sfoulisq2@mashable.com,Female,California,laser,69.78
940,Linnell Borzoni,lborzoniq3@bloomberg.com,Female,California,mastercard,11.57
941,Selestina Duddin,sduddinq4@omniture.com,Female,Massachusetts,jcb,20.35
942,Andy Strapp,astrappq5@kickstarter.com,Female,Connecticut,mastercard,44.59
943,Conni Simonel,csimonelq6@forbes.com,Female,North Carolina,jcb,49.83
944,Yule Doerrling,ydoerrlingq7@joomla.org,Male,Arkansas,jcb,51.24
945,Filippo Lower,flowerq8@nytimes.com,Male,Louisiana,visa-electron,45.57
946,Yank Geertz,ygeertzq9@chron.com,Male,Florida,jcb,5.86
947,Sadie Farlambe,sfarlambeqa@elpais.com,Female,Arizona,mastercard,62.8
948,Daren Flemyng,dflemyngqb@freewebs.com,Male,Florida,jcb,18.96
949,Merline Weigh,mweighqc@xinhuanet.com,Female,Arizona,solo,41.43
950,Abdul Skull,askullqd@china.com.cn,Male,New York,jcb,20.0
951,Jimmy Catherine,jcatherineqe@studiopress.com,Male,New York,jcb,14.71
952,Renell Lowdiane,rlowdianeqf@pagesperso-orange.fr,Female,Washington,solo,54.0
953,Patrice Faldoe,pfaldoeqg@creativecommons.org,Female,Minnesota,bankcard,78.82
954,Harlene Pountney,hpountneyqh@ebay.co.uk,Female,District of Columbia,jcb,2.75
955,Britteny Prettyjohns,bprettyjohnsqi@scribd.com,Female,Texas,jcb,80.45
956,Lionel Ganning,lganningqj@gravatar.com,Male,New York,jcb,22.66
957,Elga Mullin,emullinqk@eventbrite.com,Female,Texas,jcb,89.98
958,Ruthy Cozens,rcozensql@europa.eu,Female,Georgia,bankcard,80.87
959,Henriette MacKee,hmackeeqm@blogs.com,Female,South Carolina,visa,39.85
960,Geoff Hazeltine,ghazeltineqn@elegantthemes.com,Male,Arkansas,mastercard,16.36
961,Reggis Knightsbridge,rknightsbridgeqo@china.com.cn,Male,Nevada,bankcard,58.75
962,Alida Hedges,ahedgesqp@is.gd,Female,Nevada,china-unionpay,93.35
963,Niel Vanelli,nvanelliqq@slate.com,Male,New York,mastercard,96.93
964,Micheil Ardley,mardleyqr@jigsy.com,Male,California,jcb,36.42
965,Joel Dahlgren,jdahlgrenqs@hubpages.com,Male,Texas,jcb,12.88
966,Hal Bodesson,hbodessonqt@state.tx.us,Male,California,laser,51.39
967,Zonda Brunstan,zbrunstanqu@google.nl,Female,California,switch,11.76
968,Karlyn Skalls,kskallsqv@baidu.com,Female,Missouri,maestro,58.68
969,Loree Wallenger,lwallengerqw@networkadvertising.org,Female,Illinois,maestro,30.62
970,Renata Harpham,rharphamqx@paginegialle.it,Female,Georgia,jcb,77.89
971,Gawain De Filippi,gdeqy@java.com,Male,Texas,jcb,86.77
972,Alvan Jacson,ajacsonqz@google.com.hk,Male,Mississippi,china-unionpay,3.12
973,Berti Gratton,bgrattonr0@pagesperso-orange.fr,Male,Texas,china-unionpay,69.74
974,Rodd Drynan,rdrynanr1@comsenz.com,Male,Washington,jcb,25.41
975,Alanson Heindrich,aheindrichr2@rakuten.co.jp,Male,Texas,diners-club-carte-blanche,91.51
976,Bale Dowdam,bdowdamr3@reuters.com,Male,Texas,jcb,56.76
977,Emmey O'Regan,eoreganr4@ustream.tv,Female,New York,jcb,56.23
978,Darrin Driffill,ddriffillr5@google.cn,Male,Florida,jcb,51.92
979,Ellerey Antonnikov,eantonnikovr6@seesaa.net,Male,Florida,china-unionpay,50.74
980,Maitilde Wickliffe,mwickliffer7@e-recht24.de,Female,Texas,jcb,11.79
981,Fredek Brophy,fbrophyr8@google.com.br,Male,California,jcb,48.51
982,Webster Blancowe,wblancower9@prlog.org,Male,Florida,jcb,18.0
983,Georgena Pitrasso,gpitrassora@google.com.br,Female,Texas,bankcard,36.4
984,Emilio De Clairmont,ederb@dmoz.org,Male,Florida,mastercard,30.69
985,Ewart Sauven,esauvenrc@earthlink.net,Male,California,visa,47.43
986,Crissie Bulfield,cbulfieldrd@devhub.com,Female,California,jcb,72.68
987,Townsend Krale,tkralere@hatena.ne.jp,Male,Arkansas,solo,68.02
988,Lorenzo Jorry,ljorryrf@msn.com,Male,California,americanexpress,91.79
989,Chantalle O'Neal,conealrg@yahoo.com,Female,Connecticut,americanexpress,11.14
990,Berke Colly,bcollyrh@mlb.com,Male,Tennessee,diners-club-enroute,72.51
991,Krystal McGahey,kmcgaheyri@state.tx.us,Female,Kansas,mastercard,5.55
992,Shurlocke Ratray,sratrayrj@netscape.com,Male,Missouri,diners-club-us-ca,53.21
993,Lamont Ackwood,lackwoodrk@creativecommons.org,Male,Massachusetts,visa-electron,95.15
994,Giulio O'Shevlan,goshevlanrl@de.vu,Male,New York,diners-club-us-ca,79.77
995,Lynnett Abdey,labdeyrm@xrea.com,Female,Pennsylvania,jcb,63.95
996,Catriona Rickis,crickisrn@ycombinator.com,Female,New York,switch,90.91
997,Kristoforo Duckering,kduckeringro@merriam-webster.com,Male,New York,bankcard,46.76
998,Fifi Penniall,fpenniallrp@home.pl,Female,California,jcb,71.2
999,Ray Peasegood,rpeasegoodrq@answers.com,Male,California,diners-club-international,77.52
1000,Wilburt Stickford,wstickfordrr@mapy.cz,Male,Georgia,jcb,22.88
