course_id,course_subject,course_title,price_usd,course_level,num_students,positive_reviews,negative_reviews,num_lessons,content_duration_minutes,published_date
182554,Anthropology,"Anthropological criminology",64,Beginner,2495,68,115,47,940,"2015-06-01 00:00:00"
110977,Anthropology,"Anthropological linguistics",47,Beginner,2775,216,326,54,1890,"2017-10-02 00:00:00"
129475,Anthropology,"Semiotic anthropology",32,Intermediate,5703,19,52,26,520,"2017-01-03 00:00:00"
133955,Anthropology,Sociolinguistics,44,Beginner,9045,335,129,55,1650,"2018-02-03 00:00:00"
172121,Anthropology,Anthrozoology,62,Beginner,1087,115,202,79,1975,"2018-12-25 00:00:00"
164470,Anthropology,"Biological anthropology",32,Beginner,7693,451,353,57,1140,"2015-01-20 00:00:00"
179149,Anthropology,"Gene-culture coevolution",26,Advanced,7866,419,86,36,900,"2015-12-11 00:00:00"
140064,Anthropology,"Evolutionary anthropology",53,Beginner,7045,240,354,26,260,"2018-10-18 00:00:00"
187726,Anthropology,"Forensic anthropology",23,Advanced,6401,370,395,46,460,"2015-08-26 00:00:00"
134817,Anthropology,"Human behavioral ecology",53,Intermediate,6815,177,490,25,750,"2017-01-17 00:00:00"
132079,Anthropology,"Human evolution",25,Beginner,7730,464,116,52,1560,"2015-08-21 00:00:00"
120235,Anthropology,"Medical anthropology",45,Intermediate,5586,311,25,41,410,"2015-08-28 00:00:00"
189374,Anthropology,"Molecular anthropology",64,Advanced,5479,307,129,35,1225,"2017-02-03 00:00:00"
101694,Anthropology,Neuroanthropology,60,Beginner,8804,180,133,39,975,"2015-09-19 00:00:00"
187676,Anthropology,"Nutritional anthropology",54,Beginner,9708,367,286,36,1080,"2017-05-12 00:00:00"
188246,Anthropology,Paleoanthropology,47,Advanced,6065,129,48,52,1820,"2018-07-22 00:00:00"
164585,Anthropology,"Population genetics",67,Intermediate,1702,171,222,87,1740,"2017-02-07 00:00:00"
165262,Anthropology,Primatology,31,Advanced,8667,422,450,65,650,"2015-07-16 00:00:00"
172416,Anthropology,"Biocultural anthropology",23,Beginner,3029,145,11,56,1960,"2018-04-06 00:00:00"
114104,Anthropology,"Cultural anthropology",31,Intermediate,7344,413,161,35,700,"2015-10-04 00:00:00"
113264,Anthropology,"Anthropology of development",51,Intermediate,8285,456,259,35,700,"2017-08-31 00:00:00"
146493,Anthropology,"Anthropology of religion",69,Intermediate,2451,115,73,58,1450,"2017-06-04 00:00:00"
187125,Anthropology,"Applied anthropology",51,Advanced,9316,157,474,86,2150,"2017-10-11 00:00:00"
144835,Anthropology,"Cognitive anthropology",43,Beginner,9162,368,21,61,1525,"2015-07-15 00:00:00"
180367,Anthropology,"Cyborg anthropology",40,Advanced,7116,285,147,24,840,"2016-08-02 00:00:00"
174328,Anthropology,"Digital anthropology",49,Beginner,4048,493,498,23,230,"2015-12-25 00:00:00"
132161,Anthropology,"Digital culture",49,Advanced,5593,333,476,85,850,"2017-08-08 00:00:00"
118105,Anthropology,"Ecological anthropology",69,Advanced,5753,63,321,48,1680,"2018-10-24 00:00:00"
121466,Anthropology,"Economic anthropology",49,Beginner,4119,252,307,22,660,"2015-04-12 00:00:00"
189911,Anthropology,"Environmental anthropology",43,Intermediate,9698,316,293,57,1425,"2016-03-31 00:00:00"
165077,Anthropology,Ethnobiology,21,Beginner,1687,103,25,51,1785,"2018-04-02 00:00:00"
173573,Anthropology,Ethnobotany,64,Advanced,4806,7,388,84,1260,"2016-02-21 00:00:00"
189536,Anthropology,Ethnography,34,Advanced,7245,447,179,81,2430,"2015-07-06 00:00:00"
100470,Anthropology,Ethnohistory,36,Intermediate,2138,210,158,79,2765,"2015-07-15 00:00:00"
158493,Anthropology,Ethnology,66,Advanced,8888,252,460,63,1575,"2015-04-26 00:00:00"
162525,Anthropology,Ethnomuseology,67,Advanced,6432,402,79,68,1700,"2016-10-10 00:00:00"
133592,Anthropology,Ethnomusicology,29,Intermediate,4396,417,282,81,1620,"2015-11-06 00:00:00"
136418,Anthropology,"Feminist anthropology",57,Advanced,4527,426,436,50,750,"2015-07-22 00:00:00"
146336,Anthropology,Folklore,27,Advanced,1785,466,224,50,500,"2017-03-13 00:00:00"
159164,Anthropology,Kinship,48,Beginner,6250,219,425,61,1830,"2015-10-03 00:00:00"
191000,Anthropology,"Legal anthropology",62,Beginner,5849,474,255,87,1305,"2019-01-21 00:00:00"
107679,Anthropology,Mythology,21,Intermediate,5593,236,70,32,640,"2019-02-06 00:00:00"
110249,Anthropology,Missiology,30,Beginner,7854,330,256,25,500,"2015-04-25 00:00:00"
145976,Anthropology,"Political anthropology",36,Beginner,7379,102,395,63,1260,"2015-03-27 00:00:00"
195362,Anthropology,"Political economic anthropology",24,Advanced,5698,326,264,50,1750,"2018-11-13 00:00:00"
163081,Anthropology,"Psychological anthropology",34,Advanced,2414,8,31,79,1185,"2017-04-12 00:00:00"
117796,Anthropology,"Public anthropology",69,Advanced,2887,108,195,71,1065,"2017-09-21 00:00:00"
139099,Anthropology,"Symbolic anthropology",46,Beginner,2004,403,131,22,770,"2016-04-08 00:00:00"
101487,Anthropology,"Transpersonal anthropology",34,Intermediate,9488,190,497,65,2275,"2018-12-11 00:00:00"
104613,Anthropology,"Urban anthropology",25,Advanced,3081,31,327,81,2430,"2017-01-21 00:00:00"
164223,Anthropology,"Linguistic anthropology",57,Intermediate,4487,195,67,37,925,"2015-06-17 00:00:00"
100410,Anthropology,"Social anthropology",25,Intermediate,3282,475,417,67,670,"2018-05-31 00:00:00"
130090,Anthropology,"Anthropology of art",31,Intermediate,5601,435,147,63,2205,"2015-02-10 00:00:00"
142166,Anthropology,"Anthropology of institutions",37,Intermediate,6817,64,298,68,1700,"2018-06-20 00:00:00"
102074,Anthropology,"Anthropology of media",40,Beginner,6279,408,323,29,580,"2018-10-24 00:00:00"
160594,Anthropology,"Visual anthropology",47,Intermediate,1824,445,391,71,1420,"2017-03-20 00:00:00"
149774,Archaeology,"Aerial archaeology",24,Intermediate,2443,124,230,38,760,"2016-04-10 00:00:00"
185515,Archaeology,"Aviation archaeology",31,Advanced,5777,113,270,69,2415,"2017-09-14 00:00:00"
132298,Archaeology,Anthracology,51,Beginner,6951,412,81,45,1125,"2015-09-24 00:00:00"
130140,Archaeology,Archaeo-optics,25,Intermediate,2465,486,495,25,375,"2015-03-25 00:00:00"
110370,Archaeology,Archaeoacoustics,65,Intermediate,7961,377,499,46,920,"2017-08-25 00:00:00"
161456,Archaeology,Archaeoastronomy,60,Intermediate,8506,76,468,86,1720,"2016-08-28 00:00:00"
124085,Archaeology,Archaeogeography,20,Beginner,7712,431,165,64,640,"2017-11-14 00:00:00"
114605,Archaeology,"Archaeological culture",26,Intermediate,1953,222,221,21,735,"2016-12-24 00:00:00"
148179,Archaeology,"Archaeological theory",54,Advanced,6797,9,480,51,1275,"2015-10-07 00:00:00"
138124,Archaeology,"Great ages archaeology",26,Beginner,5080,295,283,37,1110,"2017-05-24 00:00:00"
112351,Archaeology,Functionalism,57,Advanced,6864,244,226,34,1190,"2017-06-08 00:00:00"
187634,Archaeology,Processualism,42,Beginner,2049,256,22,52,780,"2016-11-03 00:00:00"
132691,Archaeology,Post-processualism,26,Advanced,8199,397,430,73,1095,"2015-04-03 00:00:00"
117020,Archaeology,"Cognitive archaeology",54,Beginner,7135,153,477,51,765,"2018-12-30 00:00:00"
197001,Archaeology,"Gender archaeology",29,Advanced,5642,307,55,72,1800,"2016-02-27 00:00:00"
104901,Archaeology,"Feminist archaeology",50,Advanced,7680,111,335,79,2765,"2018-03-23 00:00:00"
183706,Archaeology,Archaeometry,33,Advanced,1836,231,295,72,2520,"2017-06-18 00:00:00"
133103,Archaeology,Archaeogenetics,54,Intermediate,7422,53,377,50,750,"2018-04-02 00:00:00"
121617,Archaeology,Bioarchaeology,47,Advanced,4721,266,150,34,1190,"2017-03-01 00:00:00"
115540,Archaeology,"Computational archaeology",56,Beginner,1475,398,430,20,700,"2017-03-15 00:00:00"
185061,Archaeology,Dendrochronology,20,Beginner,5665,306,114,83,2905,"2019-01-17 00:00:00"
110696,Archaeology,Geoarchaeology,63,Advanced,7900,78,379,61,1830,"2018-01-30 00:00:00"
154249,Archaeology,"Isotope analysis",65,Beginner,6273,346,10,67,670,"2016-12-26 00:00:00"
161216,Archaeology,Palynology,31,Intermediate,4152,41,313,65,1625,"2017-09-01 00:00:00"
115180,Archaeology,"Radiocarbon dating",63,Advanced,1558,75,404,60,1200,"2018-05-17 00:00:00"
107518,Archaeology,Zooarchaeology,24,Advanced,6238,162,441,28,700,"2016-02-26 00:00:00"
132468,Archaeology,"Archaeology of religion and ritual",23,Advanced,7749,384,201,63,1575,"2018-05-28 00:00:00"
150425,Archaeology,"Archaeology of trade",21,Advanced,3119,202,73,26,260,"2016-09-20 00:00:00"
105618,Archaeology,Archaeomythology,48,Beginner,8485,338,428,89,3115,"2017-02-25 00:00:00"
161505,Archaeology,"Architectural analytics",24,Advanced,2115,373,44,80,2000,"2017-10-26 00:00:00"
184711,Archaeology,"Battlefield archaeology",65,Beginner,5407,381,133,47,705,"2017-12-12 00:00:00"
167389,Archaeology,Calceology,61,Advanced,5380,16,220,84,2940,"2018-09-03 00:00:00"
117514,Archaeology,"Conflict archaeology",55,Advanced,7087,244,409,79,2765,"2019-01-05 00:00:00"
145696,Archaeology,"Data archaeology",30,Intermediate,7870,101,479,23,575,"2017-03-31 00:00:00"
130402,Archaeology,"Digital archaeology",66,Intermediate,2455,147,279,45,450,"2019-01-12 00:00:00"
138315,Archaeology,"Experimental archaeology",47,Intermediate,2770,459,470,39,585,"2015-10-31 00:00:00"
136209,Archaeology,"Environmental archaeology",32,Intermediate,4244,208,217,25,625,"2017-08-18 00:00:00"
111288,Archaeology,Ethnoarchaeology,54,Beginner,1187,477,425,43,430,"2015-09-14 00:00:00"
128485,Archaeology,"Forensic archaeology",68,Beginner,4370,273,78,51,510,"2015-10-26 00:00:00"
196586,Glyptology,"History of archaeology",59,Advanced,1775,199,264,46,690,"2017-01-18 00:00:00"
174678,Glyptology,"Household archaeology",26,Beginner,3441,43,224,85,2125,"2018-02-26 00:00:00"
165797,Glyptology,"Landscape archaeology and Landscape history",65,Advanced,5655,77,324,58,1740,"2018-02-03 00:00:00"
199453,Glyptology,Manuscriptology,58,Beginner,2557,465,10,42,1260,"2015-04-21 00:00:00"
157637,Glyptology,"Maritime archaeology",36,Beginner,5269,161,151,50,750,"2018-02-12 00:00:00"
163365,Glyptology,"Media archaeology",22,Intermediate,3462,233,240,44,440,"2017-04-26 00:00:00"
132194,Glyptology,"Modern archaeology",66,Intermediate,3559,140,126,39,1170,"2018-04-01 00:00:00"
125622,Glyptology,"Settlement archaeology",52,Intermediate,5890,296,68,43,645,"2015-03-13 00:00:00"
118763,Glyptology,"Music archaeology",63,Advanced,5301,447,407,87,2610,"2016-01-28 00:00:00"
112180,Glyptology,Osteology,35,Beginner,1403,357,263,89,1780,"2016-12-19 00:00:00"
183113,Glyptology,Palaeoarchaeology,50,Advanced,9178,272,228,31,620,"2016-04-01 00:00:00"
115699,Glyptology,Paleoanthropology,22,Beginner,7423,291,312,86,2150,"2017-07-03 00:00:00"
119694,Glyptology,Paleoethnobotany,46,Intermediate,4054,174,378,70,700,"2018-02-28 00:00:00"
196487,Glyptology,Paleopathology,62,Beginner,4179,439,488,67,670,"2018-06-18 00:00:00"
127171,Glyptology,Paleoradiology,58,Beginner,4165,392,82,20,200,"2017-02-20 00:00:00"
158649,Glyptology,Taphonomy,39,Advanced,6699,472,155,30,600,"2015-07-05 00:00:00"
179975,Glyptology,"Urban archaeology",24,Advanced,2709,51,150,21,420,"2018-08-02 00:00:00"
164300,Glyptology,"Historical archaeology",57,Advanced,1216,184,235,24,360,"2017-12-22 00:00:00"
149514,Glyptology,"Prehistoric archaeology",25,Advanced,1935,88,336,33,990,"2017-05-20 00:00:00"
128355,Glyptology,"protohistoric archaeology",32,Intermediate,2288,143,211,84,2940,"2016-08-23 00:00:00"
146938,Glyptology,"Biblical archaeology",39,Beginner,1099,277,31,82,820,"2018-07-20 00:00:00"
188240,Glyptology,"Classical archaeology",31,Intermediate,6560,138,237,75,1125,"2015-06-18 00:00:00"
165001,Glyptology,Egyptology,58,Intermediate,2177,139,11,29,290,"2015-08-12 00:00:00"
163849,Glyptology,Assyriology,20,Beginner,1367,412,426,61,915,"2016-09-13 00:00:00"
135466,Glyptology,Etruscology,45,Advanced,3167,483,127,77,770,"2018-11-08 00:00:00"
144787,Glyptology,"Near Eastern archaeology",58,Advanced,9233,473,135,44,660,"2017-12-07 00:00:00"
190141,Glyptology,"Medieval archaeology",63,Intermediate,3976,419,193,74,1110,"2015-07-19 00:00:00"
100801,Glyptology,"Post-medieval archaeology",24,Intermediate,9912,170,176,86,1290,"2017-02-04 00:00:00"
127059,Glyptology,"Industrial archaeology",26,Beginner,5770,370,434,84,1260,"2018-10-29 00:00:00"
104639,Glyptology,"Contemporary archaeology",58,Beginner,1129,329,140,89,2670,"2015-05-29 00:00:00"
190813,Glyptology,"African archaeology",64,Beginner,5784,5,70,37,555,"2018-09-29 00:00:00"
105989,Glyptology,"Australian archaeology",24,Intermediate,7189,347,285,83,1660,"2018-02-21 00:00:00"
114410,Glyptology,"European archaeology",53,Beginner,2531,184,473,25,375,"2017-05-20 00:00:00"
119470,Glyptology,"Russian archaeology",64,Advanced,4648,418,108,60,600,"2015-10-03 00:00:00"
144898,Glyptology,"Archaeology of the Americas",40,Advanced,4652,385,75,24,360,"2016-01-06 00:00:00"
143585,Glyptology,"Archaeology of China",25,Advanced,2475,264,474,44,1540,"2018-12-31 00:00:00"
116925,Glyptology,"Archaeology of Israel",40,Beginner,5557,150,418,58,870,"2017-07-12 00:00:00"
173769,History,"African history",68,Advanced,1480,418,107,36,900,"2017-04-17 00:00:00"
173211,History,"South African history",60,Intermediate,2518,277,209,79,1185,"2017-06-28 00:00:00"
196873,History,"Egyptian history",49,Beginner,3304,132,240,80,2800,"2016-07-27 00:00:00"
101799,History,"Nigerian history",50,Intermediate,2367,499,449,67,1340,"2018-07-21 00:00:00"
172553,History,"Pan-American history",64,Beginner,8703,206,391,73,2190,"2016-07-13 00:00:00"
128794,History,"North American history",42,Intermediate,5000,14,109,20,600,"2018-07-13 00:00:00"
168200,History,"American history",29,Advanced,1387,403,153,55,1925,"2016-03-24 00:00:00"
127336,History,"Canadian history",53,Advanced,5543,162,429,87,2610,"2015-10-16 00:00:00"
191627,History,"Mexican history",49,Advanced,3766,84,367,85,1275,"2015-10-15 00:00:00"
141357,History,"Cuban history",51,Advanced,7901,221,266,42,630,"2018-08-30 00:00:00"
166828,History,"South American history",66,Beginner,6279,112,2,24,240,"2015-11-01 00:00:00"
158350,History,"Latin American history",53,Beginner,6298,219,288,32,480,"2015-08-12 00:00:00"
184792,History,"Brazilian history",45,Intermediate,9181,237,89,62,2170,"2018-12-05 00:00:00"
135761,History,"Colombian history",20,Beginner,6781,459,362,66,1980,"2018-01-04 00:00:00"
135272,History,"Venezuelan history",22,Beginner,4380,396,111,58,870,"2016-11-09 00:00:00"
112069,History,"Peruvian history",27,Advanced,8096,402,62,80,1200,"2016-08-03 00:00:00"
112983,History,"Argentine history",24,Intermediate,7309,331,388,40,800,"2017-10-03 00:00:00"
190065,History,"Pre-Columbian era",24,Beginner,8065,58,453,88,1760,"2015-12-18 00:00:00"
102692,History,"Mayan history",62,Intermediate,5046,195,59,50,1500,"2016-03-18 00:00:00"
122184,History,"Aztec history",59,Intermediate,1512,110,351,76,2280,"2019-01-19 00:00:00"
104103,History,"Inca history",20,Intermediate,2555,476,39,23,805,"2017-06-05 00:00:00"
184615,History,"Mississippian culture",37,Beginner,8313,86,420,48,1200,"2015-04-11 00:00:00"
113965,History,"Ancient history",44,Beginner,9011,148,318,32,320,"2016-06-06 00:00:00"
194751,History,"Ancient Greek history (outline)",55,Intermediate,4829,462,456,54,1620,"2015-01-11 00:00:00"
193229,History,"Ancient Roman history (outline)",67,Intermediate,7010,102,151,49,490,"2015-10-24 00:00:00"
118703,History,"History of the Roman Republic",49,Intermediate,8583,278,209,69,2415,"2018-07-30 00:00:00"
153350,History,"History of the Roman Empire",23,Beginner,9867,337,484,35,350,"2015-03-18 00:00:00"
106477,History,"Ancient Egyptian history (outline)",34,Advanced,1293,278,36,70,1050,"2018-01-27 00:00:00"
182808,History,"Ancient Chinese history (outline)",40,Intermediate,9786,494,96,24,240,"2018-09-22 00:00:00"
175763,History,"Ancient Middle Eastern history",38,Intermediate,8145,94,222,49,1715,"2015-01-22 00:00:00"
138653,History,"Asian history",55,Advanced,7265,481,170,53,1590,"2018-10-28 00:00:00"
182914,History,"Chinese history",35,Advanced,3025,78,243,73,730,"2016-07-05 00:00:00"
117532,History,"Japanese history",27,Intermediate,8423,262,197,71,1065,"2015-03-10 00:00:00"
139310,History,"Korean history",43,Beginner,5252,250,153,39,1170,"2018-12-26 00:00:00"
105271,History,"Mongolian history",22,Advanced,1811,29,363,61,1220,"2015-07-10 00:00:00"
165465,History,"Indian history (outline)",58,Intermediate,9639,351,493,42,420,"2018-06-06 00:00:00"
110691,History,"Turkish history",30,Advanced,9194,18,290,52,780,"2016-07-12 00:00:00"
106147,History,"Iranian history",69,Beginner,4961,216,79,56,1120,"2016-02-20 00:00:00"
198192,History,"Philippine history",68,Intermediate,6140,180,10,67,1340,"2018-04-13 00:00:00"
126625,History,"Indonesian history",65,Intermediate,4896,439,38,24,600,"2015-12-21 00:00:00"
151417,History,"European history",33,Intermediate,7349,3,380,30,300,"2016-12-14 00:00:00"
106750,History,"British history",33,Advanced,1261,496,138,36,1260,"2015-04-11 00:00:00"
140161,History,"French history",68,Advanced,4060,475,116,70,2100,"2018-07-19 00:00:00"
119120,History,"German history",37,Beginner,8538,15,403,74,1480,"2018-10-18 00:00:00"
169297,History,"Dutch history",26,Advanced,2060,105,348,70,2100,"2015-09-12 00:00:00"
171842,History,"Italian history",38,Beginner,8275,8,377,40,1400,"2015-08-31 00:00:00"
119355,History,"Spanish history",65,Beginner,3611,241,277,79,1975,"2016-04-16 00:00:00"
106428,History,"Portuguese history",23,Intermediate,4447,248,388,58,1160,"2016-06-01 00:00:00"
133624,History,"Polish history",68,Advanced,6385,108,313,73,1825,"2015-07-30 00:00:00"
168477,History,"Balkan history",37,Beginner,3851,81,189,27,405,"2018-08-28 00:00:00"
111927,History,"Scandinavian history",42,Advanced,2104,472,377,63,1575,"2015-11-26 00:00:00"
184867,History,"Swedish history",33,Beginner,9246,4,240,59,590,"2017-12-10 00:00:00"
138274,History,"Norwegian history",23,Intermediate,8785,37,291,35,700,"2016-02-17 00:00:00"
163008,History,"Danish history",57,Beginner,4334,364,483,69,2415,"2016-03-29 00:00:00"
162252,History,"Finnish history",27,Advanced,4024,417,82,40,1200,"2015-08-10 00:00:00"
158322,History,"Icelandic history",28,Advanced,6618,63,296,72,720,"2015-12-15 00:00:00"
132780,History,"Russian history",21,Intermediate,2077,338,170,79,1580,"2017-06-29 00:00:00"
135799,History,"Australian history",31,Intermediate,9855,206,80,40,800,"2016-10-07 00:00:00"
124886,History,"Economic history",37,Beginner,2088,431,492,33,825,"2017-04-09 00:00:00"
179660,History,"Environmental history",33,Beginner,6113,273,465,88,1760,"2015-01-18 00:00:00"
130006,History,"Intellectual history",44,Beginner,7705,348,360,24,840,"2019-01-28 00:00:00"
126602,History,"Modern history",41,Intermediate,2817,125,459,75,1500,"2017-06-27 00:00:00"
194099,History,"Political history",22,Intermediate,8508,254,289,87,1305,"2017-02-26 00:00:00"
162380,History,"Scientific history",36,Intermediate,1296,209,204,47,1645,"2016-06-10 00:00:00"
145517,History,"Technological history",44,Beginner,3977,238,147,78,2340,"2018-06-14 00:00:00"
117735,History,"World history",23,Advanced,7776,277,197,43,645,"2016-10-26 00:00:00"
158985,History,"Public history",62,Intermediate,3083,258,222,84,2520,"2018-06-03 00:00:00"
144071,"Linguistics and languages","Business English",25,Advanced,5001,98,111,38,570,"2017-01-11 00:00:00"
124249,"Linguistics and languages","Classical language",37,Beginner,7156,126,199,40,1000,"2018-10-13 00:00:00"
177926,"Linguistics and languages","Modern language",61,Beginner,2423,499,359,83,1245,"2017-12-22 00:00:00"
146260,"Linguistics and languages","Standard English",59,Advanced,3176,251,240,67,670,"2018-12-04 00:00:00"
113887,"Linguistics and languages","World Englishes",42,Advanced,5444,131,324,46,1380,"2016-05-15 00:00:00"
137976,"Linguistics and languages","Applied linguistics",35,Beginner,6949,377,83,77,2695,"2017-09-23 00:00:00"
159463,"Linguistics and languages","Computational linguistics",41,Advanced,7914,391,222,62,1860,"2015-05-10 00:00:00"
148724,"Linguistics and languages","Discourse analysis",53,Intermediate,9596,52,419,55,825,"2015-12-23 00:00:00"
152449,"Linguistics and languages","English studies",57,Beginner,8970,219,40,41,820,"2018-09-07 00:00:00"
190347,"Linguistics and languages",Etymology,64,Advanced,4996,228,370,69,2415,"2015-05-19 00:00:00"
114179,"Linguistics and languages",Grammar,59,Intermediate,4666,411,45,88,880,"2018-04-16 00:00:00"
199741,"Linguistics and languages","Historical linguistics",61,Beginner,8785,20,74,50,1000,"2018-08-27 00:00:00"
145087,"Linguistics and languages","History of linguistics",68,Intermediate,5124,260,107,40,1000,"2016-01-07 00:00:00"
127166,"Linguistics and languages",Interlinguistics,61,Advanced,9120,255,409,25,250,"2015-12-07 00:00:00"
162745,"Linguistics and languages",Lexicology,24,Advanced,3280,422,95,64,2240,"2017-04-28 00:00:00"
108923,"Linguistics and languages","Linguistic typology",59,Intermediate,4940,302,102,37,370,"2016-03-11 00:00:00"
132211,"Linguistics and languages",Morphology,34,Beginner,9141,471,477,30,450,"2019-02-02 00:00:00"
183314,"Linguistics and languages","Natural language processing",28,Advanced,4271,157,339,79,790,"2017-10-29 00:00:00"
155038,"Linguistics and languages",Philology,20,Advanced,7550,113,53,28,840,"2018-07-07 00:00:00"
169220,"Linguistics and languages",Phonetics,61,Advanced,2545,356,96,59,590,"2018-12-16 00:00:00"
115937,"Linguistics and languages",Phonology,26,Advanced,3176,147,132,46,1610,"2017-01-25 00:00:00"
185579,"Linguistics and languages",Pragmatics,45,Beginner,1279,205,372,75,2250,"2017-11-02 00:00:00"
177248,"Linguistics and languages",Psycholinguistics,55,Beginner,2581,415,84,43,1505,"2015-09-17 00:00:00"
149490,"Linguistics and languages",Semantics,48,Intermediate,2603,118,463,27,405,"2017-07-18 00:00:00"
166362,"Linguistics and languages","Semiotics (outline)",38,Beginner,9771,345,342,54,810,"2015-10-15 00:00:00"
103585,"Linguistics and languages",Sociolinguistics,33,Intermediate,8491,396,430,58,1740,"2015-09-08 00:00:00"
168312,"Linguistics and languages",Syntax,27,Intermediate,4667,42,478,80,800,"2018-11-21 00:00:00"
114115,"Linguistics and languages","Terminology science",26,Beginner,2106,148,140,45,675,"2017-08-16 00:00:00"
151035,"Linguistics and languages","Composition studies",36,Advanced,7649,301,418,34,850,"2017-01-15 00:00:00"
117833,"Linguistics and languages",Rhetoric,55,Advanced,3526,447,54,74,1850,"2016-05-09 00:00:00"
124808,"Linguistics and languages",Usage,48,Advanced,3743,34,23,43,860,"2015-05-23 00:00:00"
135985,"Linguistics and languages","Word usage",28,Beginner,6479,409,440,40,800,"2015-06-27 00:00:00"
103583,Philosophy,Meta-philosophy,39,Beginner,1287,48,373,36,1260,"2017-01-07 00:00:00"
184536,Philosophy,"Metaphysics (outline)",22,Beginner,6540,230,42,81,2430,"2016-07-07 00:00:00"
167404,Philosophy,Ontology,50,Advanced,1632,89,22,58,2030,"2018-12-17 00:00:00"
163768,Philosophy,Teleology,36,Intermediate,8280,384,22,71,1065,"2015-02-24 00:00:00"
197657,Philosophy,"Philosophy of mind",61,Beginner,6364,348,222,58,1450,"2015-06-21 00:00:00"
121267,Philosophy,"Philosophy of artificial intelligence",65,Advanced,3081,242,182,77,1155,"2015-10-25 00:00:00"
191890,Philosophy,"Philosophy of perception",20,Intermediate,1618,386,405,56,1120,"2015-11-03 00:00:00"
158024,Philosophy,"Philosophy of pain",39,Intermediate,7457,109,425,30,750,"2015-01-15 00:00:00"
199122,Philosophy,"Philosophy of space and time",27,Beginner,7946,429,474,73,1825,"2015-10-23 00:00:00"
185262,Philosophy,"Philosophy of action",21,Advanced,6828,153,132,48,1200,"2015-04-17 00:00:00"
173545,Philosophy,"Determinism and Free will",53,Advanced,5857,297,214,60,900,"2017-09-01 00:00:00"
195986,Philosophy,"Epistemology (outline)",50,Intermediate,3528,10,339,33,990,"2018-03-23 00:00:00"
112929,Philosophy,Justification,21,Advanced,7050,138,215,43,1505,"2017-09-13 00:00:00"
142993,Philosophy,"Reasoning errors",30,Advanced,7912,209,465,76,2280,"2015-10-15 00:00:00"
141320,Philosophy,"Ethics (outline)",50,Beginner,2232,195,271,25,875,"2019-01-14 00:00:00"
178531,Philosophy,Meta-ethics,46,Beginner,5744,294,215,42,420,"2018-01-16 00:00:00"
121979,Philosophy,"Normative ethics",22,Intermediate,8302,341,325,76,760,"2015-04-01 00:00:00"
151631,Philosophy,"Virtue ethics",22,Beginner,9114,111,493,75,1500,"2016-12-01 00:00:00"
119487,Philosophy,"Applied ethics",67,Advanced,2150,242,468,67,1675,"2017-08-07 00:00:00"
161263,Philosophy,"Animal rights",57,Intermediate,3434,53,110,63,1890,"2018-04-10 00:00:00"
136326,Philosophy,Bioethics,42,Beginner,6325,255,454,84,840,"2015-10-26 00:00:00"
199219,Philosophy,"Environmental ethics",24,Intermediate,5789,300,106,42,420,"2015-02-09 00:00:00"
105954,Philosophy,"Aesthetics (outline) / Philosophy of art",45,Advanced,8409,283,450,32,320,"2015-02-14 00:00:00"
142809,Philosophy,"Social philosophy and Political philosophy",67,Beginner,6574,478,384,45,1575,"2017-01-18 00:00:00"
129127,Philosophy,"Anarchism (outline)",33,Advanced,6824,187,284,41,1025,"2015-03-26 00:00:00"
184538,Philosophy,"Feminist philosophy",41,Intermediate,3696,3,149,64,960,"2018-11-23 00:00:00"
135248,Philosophy,"Libertarianism (outline)",31,Advanced,2591,477,147,59,1180,"2016-05-18 00:00:00"
188847,Philosophy,Marxism,29,Advanced,3905,343,341,72,720,"2018-10-01 00:00:00"
136238,Philosophy,"Philosophical traditions and schools",69,Intermediate,2250,287,334,87,2610,"2015-03-19 00:00:00"
163540,Philosophy,Platonism,65,Intermediate,9906,490,411,77,2310,"2015-04-12 00:00:00"
115882,Philosophy,Aristotelianism,39,Intermediate,8643,60,271,77,770,"2017-04-29 00:00:00"
110184,Philosophy,"Analytic philosophy",50,Intermediate,5264,269,213,62,1550,"2017-03-21 00:00:00"
192535,Philosophy,"Continental philosophy",34,Intermediate,7199,66,115,32,480,"2016-10-20 00:00:00"
125083,Philosophy,"Eastern philosophy",29,Advanced,9069,494,26,36,1080,"2015-06-18 00:00:00"
119132,Philosophy,"Feminist philosophy",46,Intermediate,7769,87,305,35,700,"2018-04-25 00:00:00"
190243,Philosophy,"History of philosophy",49,Intermediate,4461,54,417,22,550,"2016-01-26 00:00:00"
143866,Philosophy,"Ancient philosophy",29,Advanced,4665,424,246,43,860,"2016-04-16 00:00:00"
135022,Philosophy,"Medieval philosophy",38,Beginner,8230,169,227,37,925,"2015-11-09 00:00:00"
139858,Philosophy,Scholasticism,35,Beginner,7640,455,223,24,240,"2016-12-22 00:00:00"
173145,Philosophy,"Humanism (outline)",25,Intermediate,8620,279,366,57,1140,"2017-12-25 00:00:00"
103525,Philosophy,"Modern philosophy",27,Intermediate,2036,467,462,73,1825,"2015-01-13 00:00:00"
110884,Philosophy,"Contemporary philosophy",52,Beginner,8073,447,173,33,1155,"2016-06-21 00:00:00"
114929,Philosophy,"Logic (outline)",46,Intermediate,2429,309,240,50,1750,"2018-12-25 00:00:00"
149893,Philosophy,"Philosophical logic",21,Beginner,8557,267,469,89,1335,"2017-12-30 00:00:00"
180507,Philosophy,"Mathematical logic",51,Intermediate,1764,33,351,53,530,"2016-01-26 00:00:00"
105206,Philosophy,"Applied philosophy",50,Intermediate,2422,135,257,86,860,"2016-02-03 00:00:00"
198386,Philosophy,"Philosophy of education",42,Advanced,2976,98,477,73,2190,"2017-03-01 00:00:00"
163889,Philosophy,"Philosophy of history",24,Intermediate,5095,178,127,61,2135,"2016-11-18 00:00:00"
121575,Philosophy,"Philosophy of religion",46,Beginner,4349,320,302,25,625,"2016-06-23 00:00:00"
182518,Philosophy,"Philosophy of language",59,Beginner,2174,369,95,33,1155,"2017-01-15 00:00:00"
108434,Philosophy,"Philosophy of law",31,Beginner,2574,302,124,87,1740,"2017-05-26 00:00:00"
131371,Philosophy,"Philosophy of mathematics",67,Beginner,3138,254,331,54,810,"2015-09-29 00:00:00"
121377,Philosophy,"Philosophy of music",69,Intermediate,2594,394,428,71,2485,"2017-09-19 00:00:00"
151254,Philosophy,"Philosophy of science",63,Intermediate,9536,24,300,75,1125,"2017-09-01 00:00:00"
128132,Philosophy,"Philosophy of social science",59,Beginner,6848,202,463,63,1575,"2018-02-11 00:00:00"
168403,Philosophy,"Philosophy of physics",63,Beginner,4702,342,389,85,1700,"2018-01-01 00:00:00"
137151,Philosophy,"Philosophy of biology",66,Intermediate,1301,260,178,53,530,"2017-04-06 00:00:00"
174145,Philosophy,"Philosophy of chemistry",30,Intermediate,3642,75,332,81,1215,"2017-05-18 00:00:00"
135183,Philosophy,"Philosophy of economics",35,Intermediate,5526,20,145,23,230,"2017-09-08 00:00:00"
122614,Philosophy,"Philosophy of psychology",64,Beginner,3470,344,448,31,775,"2017-12-07 00:00:00"
104466,Philosophy,"Philosophy of engineering",27,Advanced,3208,371,389,69,1725,"2017-01-20 00:00:00"
193587,Philosophy,"Systems philosophy",29,Advanced,4605,2,484,57,1140,"2019-01-09 00:00:00"
186172,Religion,"Abrahamic religions",28,Beginner,1365,134,280,59,1770,"2018-09-05 00:00:00"
123736,Religion,"Christianity (outline)",46,Intermediate,7924,40,468,59,1475,"2018-09-17 00:00:00"
199113,Religion,"Christian theology (outline)",65,Intermediate,7886,67,240,65,1950,"2015-10-14 00:00:00"
106752,Religion,"Islam (outline)/ Islamic studies",59,Beginner,3261,162,353,74,1850,"2018-03-28 00:00:00"
168763,Religion,"Judaism (outline)/ Jewish studies",37,Advanced,9624,214,154,70,1750,"2015-01-24 00:00:00"
153290,Religion,Apologetics,34,Advanced,4024,228,374,21,630,"2015-04-21 00:00:00"
122026,Religion,"Indian religions",44,Advanced,9454,46,56,27,945,"2017-01-29 00:00:00"
102563,Religion,"Buddhism (outline)/ Buddhist studies",48,Advanced,3451,465,85,41,1435,"2018-04-16 00:00:00"
144539,Religion,"Hinduism (outline)",40,Intermediate,1695,463,139,47,470,"2015-10-16 00:00:00"
182988,Religion,Jainism,38,Intermediate,6844,295,66,79,1185,"2016-03-21 00:00:00"
197362,Religion,"Sikhism (outline)",41,Beginner,1058,143,160,81,2430,"2017-10-26 00:00:00"
173240,Religion,"East Asian religions",31,Advanced,3908,94,322,56,1400,"2018-05-27 00:00:00"
102523,Religion,"Chinese folk religion",30,Advanced,5144,175,490,77,770,"2015-08-01 00:00:00"
198416,Religion,Confucianism,54,Advanced,4434,97,291,35,875,"2015-06-05 00:00:00"
116874,Religion,Shinto,41,Intermediate,9651,24,340,57,1995,"2016-07-22 00:00:00"
117339,Religion,"Daoism (outline)",57,Advanced,3605,9,410,37,740,"2017-05-27 00:00:00"
120669,Religion,"I-Kuan Tao",53,Beginner,1137,304,108,39,1170,"2017-12-17 00:00:00"
123752,Religion,Caodaism,63,Advanced,1737,60,426,30,600,"2016-05-27 00:00:00"
124630,Religion,Chondogyo,41,Beginner,9058,354,101,65,1950,"2015-12-15 00:00:00"
138027,Religion,Tenrikyo,24,Advanced,5813,150,390,60,900,"2015-02-24 00:00:00"
194933,Religion,Oomoto,52,Intermediate,7180,92,73,37,370,"2016-04-08 00:00:00"
148612,Religion,"Other religions",56,Beginner,1854,498,61,31,465,"2017-12-25 00:00:00"
198792,Religion,"African religions",20,Advanced,7373,378,402,61,1830,"2018-01-19 00:00:00"
149167,Religion,"Ancient Egyptian religion",43,Advanced,5154,406,25,30,900,"2015-02-27 00:00:00"
166527,Religion,"Native American religions",21,Beginner,8289,139,13,76,1900,"2015-05-23 00:00:00"
138442,Religion,Gnosticism,48,Intermediate,6878,91,441,25,250,"2015-09-22 00:00:00"
195905,Religion,Occult,42,Beginner,3486,483,487,54,540,"2016-04-19 00:00:00"
128423,Religion,Esotericism,33,Beginner,3726,290,360,21,525,"2016-05-17 00:00:00"
128785,Religion,Mysticism,49,Intermediate,7440,362,154,66,660,"2015-10-14 00:00:00"
170784,Religion,Spirituality,23,Beginner,4950,136,64,37,925,"2016-03-11 00:00:00"
172557,Religion,"New religious movements",30,Advanced,8578,300,264,63,1890,"2016-04-22 00:00:00"
143666,Religion,"Sumerian religion",57,Intermediate,7116,101,156,62,1240,"2018-05-26 00:00:00"
168241,Religion,Zoroastrianism,23,Advanced,7241,147,281,23,460,"2015-10-21 00:00:00"
131107,Religion,"Comparative religion",32,Advanced,6845,126,185,86,2150,"2016-07-31 00:00:00"
127318,Religion,"Mythology and Folklore",37,Intermediate,8186,173,233,37,925,"2015-02-02 00:00:00"
156366,Religion,Theism,45,Intermediate,8390,226,143,87,1305,"2017-09-12 00:00:00"
144414,Religion,Irreligion,62,Intermediate,8498,224,200,85,1700,"2016-05-17 00:00:00"
125727,Religion,Agnosticism,63,Beginner,3722,46,297,40,1400,"2017-01-23 00:00:00"
163375,Religion,"Atheism (outline) and religious humanism",58,Advanced,3563,48,10,32,960,"2017-01-09 00:00:00"
174191,Religion,Nontheism,42,Advanced,4948,440,245,55,1375,"2017-07-29 00:00:00"
171260,"Food studies",Gastronomy,27,Intermediate,3632,132,269,85,850,"2018-06-27 00:00:00"
186107,"Food studies",Gourmet,68,Beginner,6601,449,81,30,600,"2017-05-20 00:00:00"
146364,"Food studies",Palatability,66,Advanced,2812,409,38,75,1500,"2017-10-09 00:00:00"
180957,"Food studies","Specialty foods",44,Intermediate,2930,360,12,77,770,"2018-08-04 00:00:00"
105148,"Food studies","Traditional food",32,Intermediate,6172,170,42,28,560,"2015-12-10 00:00:00"
173798,Literature,Poetry,24,Advanced,1756,485,216,55,825,"2017-01-06 00:00:00"
190487,Literature,"Comparative literature",38,Intermediate,8948,173,96,54,1890,"2018-09-18 00:00:00"
143174,Literature,"English literature",42,Advanced,4778,171,38,60,600,"2016-02-17 00:00:00"
158393,Literature,"World literature",54,Intermediate,3356,293,109,55,1650,"2017-07-27 00:00:00"
169887,Literature,"American literature",52,Advanced,2495,89,7,64,1280,"2018-01-12 00:00:00"
116228,Literature,"British literature",24,Intermediate,2485,75,303,79,1185,"2017-11-16 00:00:00"
187346,Literature,"History of literature",64,Beginner,9526,90,271,35,875,"2017-03-13 00:00:00"
176118,Literature,"Medieval literature",35,Beginner,4297,258,253,86,2150,"2018-05-16 00:00:00"
191519,Literature,"Post-colonial literature",61,Advanced,5802,193,332,47,1410,"2017-12-30 00:00:00"
109587,Literature,"Post-modern literature",57,Intermediate,1897,304,232,24,840,"2017-05-13 00:00:00"
136455,Literature,"Literary theory",62,Advanced,2523,102,400,34,1020,"2015-01-21 00:00:00"
180468,Literature,"Critical theory (outline)",32,Advanced,5577,174,369,23,460,"2016-08-01 00:00:00"
154681,Literature,"Literary criticism",65,Intermediate,6621,483,12,40,800,"2016-01-07 00:00:00"
134959,Literature,Poetics,65,Beginner,4536,231,151,29,725,"2015-01-08 00:00:00"
110481,Literature,Rhetoric,49,Intermediate,8571,434,301,69,690,"2016-08-20 00:00:00"
196620,Literature,"Literary genre",33,Advanced,6329,126,226,57,1995,"2015-12-17 00:00:00"
100281,Literature,"Creative writing",28,Advanced,7552,11,353,85,2975,"2017-12-08 00:00:00"
145018,Literature,"Creative nonfiction",39,Advanced,8072,251,232,59,885,"2018-10-19 00:00:00"
101533,Literature,"Fiction writing (outline)",25,Advanced,7621,98,207,57,1140,"2015-06-15 00:00:00"
185639,Literature,"Non-fiction writing",66,Advanced,4418,486,237,68,1700,"2016-02-10 00:00:00"
136996,Literature,"Literary journalism",51,Intermediate,2451,312,298,87,2175,"2016-11-14 00:00:00"
127186,Literature,Poetry,23,Beginner,1024,411,418,68,1020,"2018-04-30 00:00:00"
145014,Literature,Screenwriting,31,Intermediate,3930,145,404,41,1435,"2017-10-11 00:00:00"
101106,Literature,Playwrighting,60,Advanced,7796,450,388,23,230,"2016-03-15 00:00:00"
137150,"Performing arts",Accompanying,47,Advanced,4352,39,86,21,525,"2017-02-10 00:00:00"
142707,"Performing arts","Chamber music",58,Advanced,6656,419,407,31,775,"2015-12-21 00:00:00"
184833,"Performing arts","Church music",41,Intermediate,9000,389,287,42,1050,"2016-04-18 00:00:00"
171724,"Performing arts","Musical composition",36,Advanced,8628,40,108,81,810,"2015-07-15 00:00:00"
186951,"Performing arts",Conducting,44,Intermediate,3430,304,450,68,1020,"2018-12-03 00:00:00"
129627,"Performing arts","Choral conducting",57,Beginner,1298,276,284,62,1550,"2018-03-08 00:00:00"
183464,"Performing arts","Orchestral conducting",51,Beginner,7217,275,37,31,1085,"2015-11-12 00:00:00"
166170,"Performing arts","Wind ensemble conducting",46,Advanced,2082,495,370,76,2280,"2015-10-04 00:00:00"
127079,"Performing arts","Early music",57,Advanced,7365,207,445,41,1230,"2015-04-14 00:00:00"
145097,"Performing arts","Jazz studies (outline)",28,Beginner,6240,78,191,63,1890,"2018-10-27 00:00:00"
104353,"Performing arts","Music education",46,Beginner,4391,101,9,52,1820,"2018-06-07 00:00:00"
117286,"Performing arts","Music history",39,Intermediate,4454,381,186,58,1450,"2018-05-07 00:00:00"
124985,"Performing arts","Music genre",65,Advanced,4302,382,225,70,1750,"2018-03-05 00:00:00"
118717,"Performing arts","Music theory",44,Advanced,9333,196,89,41,1230,"2017-06-23 00:00:00"
188563,"Performing arts",Musicology,48,Intermediate,2225,433,99,53,1325,"2017-10-16 00:00:00"
151809,"Performing arts","Historical musicology",36,Intermediate,1167,445,249,57,1140,"2016-08-05 00:00:00"
170848,"Performing arts","Systematic musicology",34,Advanced,4962,479,469,33,1155,"2017-03-11 00:00:00"
129260,"Performing arts",Ethnomusicology,59,Beginner,5086,348,321,70,2450,"2016-01-21 00:00:00"
169100,"Performing arts",Organology,56,Beginner,6567,17,295,78,1170,"2019-01-02 00:00:00"
107618,"Performing arts","Organ and historical keyboards",24,Intermediate,6539,480,339,82,1230,"2015-02-22 00:00:00"
183871,"Performing arts",Piano,41,Advanced,6413,241,135,46,460,"2018-11-27 00:00:00"
169989,"Performing arts",Singing,40,Beginner,8507,259,278,25,250,"2017-10-10 00:00:00"
139973,"Performing arts",Recording,35,Intermediate,3689,12,81,68,1700,"2016-06-01 00:00:00"
171092,"Performing arts","Orchestral studies",46,Advanced,1903,252,303,50,1750,"2019-01-04 00:00:00"
188100,"Performing arts","Dance (outline)",44,Beginner,9928,180,317,46,1610,"2015-01-13 00:00:00"
189889,"Performing arts",Choreography,43,Intermediate,7258,39,330,51,1785,"2017-04-23 00:00:00"
119166,"Performing arts","Dance notation",23,Advanced,8385,42,442,81,1215,"2016-04-27 00:00:00"
158288,"Performing arts",Ethnochoreology,22,Beginner,8671,355,54,69,1380,"2016-03-17 00:00:00"
131521,"Performing arts","History of dance",42,Beginner,7252,453,423,68,1360,"2016-03-09 00:00:00"
136786,"Performing arts","Television (outline)",64,Beginner,2477,87,249,87,1740,"2018-11-15 00:00:00"
177095,"Performing arts","Television studies",47,Intermediate,8237,253,262,69,690,"2016-11-18 00:00:00"
189846,"Performing arts","Theatre (outline)",65,Advanced,2133,175,192,72,720,"2018-04-06 00:00:00"
115566,"Performing arts",History,20,Beginner,5691,149,173,52,520,"2017-12-13 00:00:00"
135625,"Performing arts",Acting,46,Beginner,9172,359,190,72,1080,"2015-02-22 00:00:00"
141513,"Performing arts",Directing,41,Intermediate,4603,65,110,29,725,"2015-04-16 00:00:00"
197392,"Performing arts","Stage design",51,Beginner,7167,499,206,20,500,"2018-11-24 00:00:00"
188079,"Performing arts",Puppetry,46,Intermediate,6220,270,178,71,1420,"2016-05-27 00:00:00"
109379,"Performing arts",Dramaturgy,33,Intermediate,2615,156,28,59,885,"2017-01-23 00:00:00"
173244,"Performing arts",Scenography,20,Advanced,5013,112,156,48,720,"2017-10-14 00:00:00"
135669,"Performing arts","Musical theatre",68,Advanced,7415,209,428,57,1710,"2016-02-12 00:00:00"
165496,"Performing arts","Film (outline)",47,Beginner,6278,184,128,64,2240,"2015-01-12 00:00:00"
109829,"Performing arts",Animation,45,Intermediate,7876,466,318,63,630,"2017-12-27 00:00:00"
158687,"Performing arts","Live action",46,Intermediate,6588,46,312,35,700,"2015-08-09 00:00:00"
118667,"Performing arts",Filmmaking,50,Intermediate,5382,399,58,74,1480,"2015-12-11 00:00:00"
120191,"Performing arts","Film criticism",52,Advanced,9157,114,234,35,700,"2016-02-17 00:00:00"
107050,"Performing arts","Film genre",20,Intermediate,6124,169,207,33,990,"2019-01-10 00:00:00"
118174,"Performing arts","Film studies",21,Beginner,6138,328,348,37,555,"2016-07-21 00:00:00"
131618,"Performing arts","Film theory",68,Beginner,8151,493,92,42,630,"2015-03-09 00:00:00"
120222,"Performing arts","Oral literature",60,Intermediate,9710,439,105,49,735,"2016-11-11 00:00:00"
141562,"Performing arts","Public speaking",56,Advanced,7382,279,271,34,340,"2017-08-15 00:00:00"
133288,"Performing arts","Performance poetry",57,Advanced,2632,177,150,28,840,"2018-06-02 00:00:00"
104503,"Performing arts","Spoken word",48,Beginner,7545,33,291,45,450,"2017-08-22 00:00:00"
180919,"Performing arts",Storytelling,44,Intermediate,5354,367,254,88,1760,"2018-05-29 00:00:00"
191297,"Performing arts","Electronic game",21,Beginner,7172,282,271,55,550,"2018-09-17 00:00:00"
167693,"Performing arts","Arcade game",49,Intermediate,7169,208,376,22,770,"2018-11-10 00:00:00"
177163,"Performing arts","Audio game",57,Advanced,5346,367,473,30,300,"2015-09-27 00:00:00"
185919,"Performing arts","Outline of video games",42,Beginner,8875,125,262,51,1530,"2015-08-08 00:00:00"
117037,"Visual arts",Craft,42,Beginner,1194,239,7,33,825,"2016-06-19 00:00:00"
162706,"Visual arts","Fine arts",30,Beginner,7455,187,444,42,420,"2016-12-30 00:00:00"
162781,"Visual arts",Forgery,21,Advanced,4801,349,127,34,510,"2017-11-26 00:00:00"
169766,"Visual arts","Graphic arts",33,Intermediate,7114,123,80,79,1185,"2015-05-20 00:00:00"
187904,"Visual arts","Drawing (outline)",43,Advanced,5305,53,321,20,500,"2019-01-12 00:00:00"
105085,"Visual arts","Painting (outline)",57,Advanced,9694,26,123,74,2590,"2018-06-01 00:00:00"
104500,"Visual arts","Photography (outline)",37,Advanced,6236,484,236,57,1140,"2017-01-14 00:00:00"
198243,"Visual arts","Sculpture (outline)",27,Intermediate,1772,398,274,58,1740,"2019-01-11 00:00:00"
133600,Economics,"Agricultural economics",39,Beginner,3055,10,344,33,495,"2015-10-20 00:00:00"
145607,Economics,"Anarchist economics",24,Intermediate,9486,358,197,44,1320,"2018-05-29 00:00:00"
179291,Economics,"Applied economics",44,Intermediate,6320,119,201,59,885,"2016-08-16 00:00:00"
165904,Economics,"Behavioural economics",28,Intermediate,7471,449,269,79,1975,"2016-09-27 00:00:00"
171017,Economics,Bioeconomics,29,Advanced,8766,270,314,48,720,"2017-12-26 00:00:00"
166757,Economics,Business,64,Beginner,2056,127,158,87,2175,"2018-02-18 00:00:00"
163425,Economics,"Complexity economics",33,Intermediate,4188,404,417,73,730,"2015-02-14 00:00:00"
171575,Economics,"Computational economics",45,Advanced,3438,259,412,65,650,"2015-06-27 00:00:00"
162473,Economics,"Consumer economics",57,Intermediate,6943,392,90,56,560,"2015-06-17 00:00:00"
163957,Economics,"Development economics",20,Beginner,6875,405,193,32,800,"2018-07-17 00:00:00"
169896,Economics,"Digital economy",63,Advanced,6965,168,411,31,310,"2015-01-17 00:00:00"
138684,Economics,"Ecological economics",27,Advanced,2035,209,267,64,960,"2017-12-22 00:00:00"
147379,Economics,Econometrics,53,Beginner,5967,104,295,24,480,"2018-10-29 00:00:00"
145912,Economics,"Economic geography",61,Intermediate,6256,121,189,39,1170,"2016-06-11 00:00:00"
180610,Economics,"Economic history",34,Advanced,4426,369,367,50,1250,"2017-03-27 00:00:00"
173125,Economics,"Economic sector",20,Advanced,5035,224,0,58,870,"2016-04-22 00:00:00"
166898,Economics,"Economic sociology",26,Advanced,1649,432,411,44,440,"2016-05-09 00:00:00"
187766,Economics,"Economic systems",60,Intermediate,6770,327,287,69,690,"2017-12-11 00:00:00"
199059,Economics,"Economic value",28,Intermediate,4762,75,176,29,1015,"2016-11-01 00:00:00"
187609,Economics,"Energy economics",22,Beginner,3571,186,390,87,3045,"2018-12-25 00:00:00"
170602,Economics,"Entrepreneurial economics",32,Beginner,1877,337,228,86,2580,"2016-07-24 00:00:00"
152340,Economics,"Environmental economics",25,Intermediate,8360,259,482,81,2025,"2018-09-21 00:00:00"
123660,Economics,"Evolutionary economics",31,Intermediate,4127,24,132,65,1300,"2015-12-12 00:00:00"
182841,Economics,"Experimental economics",53,Intermediate,9580,0,243,63,945,"2017-04-16 00:00:00"
152895,Economics,"Feminist economics",37,Beginner,7792,233,467,81,810,"2015-10-02 00:00:00"
152029,Economics,"Financial economics",33,Advanced,7159,187,420,35,525,"2016-07-21 00:00:00"
161082,Economics,"Financial econometrics",40,Advanced,1773,108,162,83,1245,"2016-11-20 00:00:00"
184311,Economics,"Green economics",38,Beginner,5131,25,8,32,320,"2015-01-31 00:00:00"
125216,Economics,"Growth economics",62,Advanced,6926,312,199,62,1860,"2015-06-04 00:00:00"
154878,Economics,"Human development theory",23,Intermediate,6931,434,393,33,825,"2016-09-12 00:00:00"
198080,Economics,"Industrial organization",57,Beginner,3640,339,467,25,375,"2015-06-07 00:00:00"
162389,Economics,"Information economics",40,Advanced,4618,401,442,84,1680,"2015-03-11 00:00:00"
165880,Economics,"Institutional economics",28,Beginner,3362,66,458,84,840,"2017-03-10 00:00:00"
169563,Economics,"International economics",24,Intermediate,8444,37,358,84,2520,"2017-07-19 00:00:00"
172435,Economics,"Islamic economics",64,Intermediate,4486,231,291,33,330,"2018-01-08 00:00:00"
124205,Economics,"Knowledge economy",40,Advanced,7028,386,38,71,2130,"2017-11-28 00:00:00"
104542,Economics,"Labor economics",44,Beginner,6482,419,319,54,1080,"2017-07-10 00:00:00"
197072,Economics,"Law and economics",25,Advanced,4078,6,86,77,1540,"2015-09-14 00:00:00"
145599,Economics,Macroeconomics,61,Intermediate,9743,119,429,80,800,"2016-10-10 00:00:00"
179693,Economics,"Managerial economics",48,Beginner,4250,52,461,51,1530,"2017-02-07 00:00:00"
122611,Economics,"Market economy",28,Advanced,4072,82,361,76,1140,"2017-11-18 00:00:00"
184425,Economics,"Marxian economics",66,Beginner,2973,149,140,56,1680,"2018-06-08 00:00:00"
160857,Economics,"Mathematical economics",39,Intermediate,1426,290,300,45,1125,"2018-04-16 00:00:00"
191153,Economics,Microeconomics,45,Intermediate,4064,248,47,55,1650,"2017-06-10 00:00:00"
153949,Economics,"Monetary economics",42,Intermediate,4348,391,304,57,1425,"2016-05-23 00:00:00"
181502,Economics,Neuroeconomics,53,Advanced,2996,252,409,83,2075,"2018-10-22 00:00:00"
165069,Economics,"Participatory economics",69,Beginner,2357,23,253,64,1920,"2015-01-05 00:00:00"
199843,Economics,"Political economy",27,Intermediate,7173,217,274,25,375,"2018-12-06 00:00:00"
169170,Economics,"Public finance",40,Beginner,6407,481,361,77,1540,"2017-11-09 00:00:00"
178329,Economics,"Public economics",48,Intermediate,6128,360,21,68,1360,"2017-08-19 00:00:00"
106472,Economics,"Real estate economics",27,Advanced,4405,256,59,42,1050,"2018-06-09 00:00:00"
102836,Economics,"Resource economics",57,Advanced,8439,233,138,34,340,"2015-07-13 00:00:00"
175924,Economics,"Social choice theory",34,Advanced,5149,392,268,69,2415,"2017-08-03 00:00:00"
110316,Economics,"Socialist economics",60,Beginner,6688,114,208,79,1580,"2017-09-29 00:00:00"
179713,Economics,Socioeconomics,23,Advanced,2166,53,485,23,345,"2015-05-22 00:00:00"
113742,Economics,"Transport economics",45,Advanced,3908,436,128,24,720,"2016-12-20 00:00:00"
199526,Economics,"Welfare economics",38,Beginner,8068,259,250,31,620,"2018-02-01 00:00:00"
119984,Geography,Navigation,66,Beginner,7218,26,17,35,875,"2015-11-26 00:00:00"
152074,Geography,"Human geography",36,Advanced,5307,116,454,51,1530,"2015-08-31 00:00:00"
167039,Geography,"Cultural geography",51,Beginner,3857,421,309,87,870,"2017-10-22 00:00:00"
120035,Geography,"Feminist geography",28,Beginner,1853,312,178,41,820,"2016-06-22 00:00:00"
169521,Geography,"Economic geography",69,Beginner,8088,106,20,73,2190,"2018-12-13 00:00:00"
147002,Geography,"Development geography",46,Beginner,2629,432,16,62,2170,"2015-12-28 00:00:00"
130938,Geography,"Historical geography",53,Beginner,8982,26,431,42,630,"2017-10-03 00:00:00"
143156,Geography,"Time geography",54,Beginner,1320,314,87,26,260,"2015-01-08 00:00:00"
155587,Geography,"Political geography & geopolitics",45,Beginner,6044,29,383,35,350,"2017-05-30 00:00:00"
192451,Geography,"Military geography",64,Advanced,2868,493,420,50,1250,"2015-02-10 00:00:00"
113497,Geography,"Strategic geography",65,Intermediate,4656,248,490,41,1025,"2015-05-30 00:00:00"
152084,Geography,"Population geography",67,Intermediate,7403,342,226,68,1700,"2018-03-10 00:00:00"
183044,Geography,"Social geography",42,Beginner,6931,199,399,54,810,"2016-08-21 00:00:00"
170267,Geography,"Behavioral geography",65,Intermediate,2424,298,356,44,880,"2016-05-28 00:00:00"
175929,Geography,"Children's geographies",26,Intermediate,6881,284,312,51,1530,"2017-03-15 00:00:00"
185501,Geography,"Health geography",41,Advanced,5655,360,276,38,570,"2016-08-29 00:00:00"
163686,Geography,"Tourism geography",60,Beginner,8848,175,309,55,1100,"2018-05-04 00:00:00"
182745,Geography,"Urban geography",36,Beginner,2676,193,312,82,2870,"2017-07-19 00:00:00"
129097,Geography,"Environmental geography",32,Intermediate,5782,133,151,72,720,"2018-09-24 00:00:00"
174591,Geography,"Physical geography",45,Advanced,2973,373,99,44,1320,"2017-10-18 00:00:00"
183532,Geography,Biogeography,24,Advanced,3299,72,224,78,2340,"2015-11-10 00:00:00"
115136,Geography,Climatology,22,Intermediate,8904,127,349,71,1065,"2017-03-10 00:00:00"
177579,Geography,Palaeoclimatology,60,Advanced,3407,438,53,82,2460,"2018-11-10 00:00:00"
104949,Geography,"Coastal geography",24,Advanced,2723,72,152,53,1325,"2016-02-23 00:00:00"
133716,Geography,Geomorphology,56,Advanced,7774,38,431,87,2610,"2015-01-21 00:00:00"
128476,Geography,Geodesy,28,Intermediate,6475,380,37,73,730,"2015-09-08 00:00:00"
124433,Geography,Hydrology/Hydrography,67,Advanced,9350,358,288,44,660,"2017-06-11 00:00:00"
160953,Geography,Glaciology,44,Intermediate,6792,328,410,56,1960,"2018-02-28 00:00:00"
158333,Geography,Limnology,63,Advanced,4376,193,289,50,500,"2015-12-29 00:00:00"
154155,Geography,Oceanography,51,Beginner,7839,375,330,79,2765,"2018-08-18 00:00:00"
135414,Geography,"Landscape ecology",21,Advanced,4226,109,344,81,2430,"2016-05-24 00:00:00"
100202,Geography,Palaeogeography,55,Intermediate,4447,379,360,39,390,"2018-10-18 00:00:00"
119323,Geography,"Regional geography",28,Advanced,6678,175,407,31,620,"2015-06-14 00:00:00"
187443,Geography,"Remote sensing",29,Advanced,1159,23,34,40,400,"2017-09-06 00:00:00"
113624,"European studies","Celtic studies",62,Advanced,5723,227,146,26,390,"2016-09-21 00:00:00"
112125,"European studies","German studies",40,Advanced,2035,17,336,49,490,"2016-12-31 00:00:00"
198401,"European studies","Indo-European studies",58,Intermediate,8001,431,278,40,1200,"2018-10-07 00:00:00"
189742,"European studies","Scandinavian studies",34,Advanced,3965,396,260,66,1980,"2015-01-07 00:00:00"
122829,"European studies","Slavic studies",31,Advanced,6096,75,326,35,1225,"2015-10-29 00:00:00"
137124,"European studies","Australian studies",46,Intermediate,8767,487,429,55,1375,"2016-07-12 00:00:00"
115920,"European studies","Pacific studies",27,Advanced,6409,121,419,38,760,"2018-04-29 00:00:00"
181107,"European studies","Middle East studies",68,Intermediate,5381,471,127,88,3080,"2017-05-27 00:00:00"
166376,"European studies","Russian and Eastern European studies",27,Advanced,4384,233,304,87,1740,"2015-08-25 00:00:00"
155763,"European studies","Ethnic and cultural studies",68,Advanced,6053,230,166,30,600,"2017-07-23 00:00:00"
107645,"European studies","Cultural studies",67,Beginner,4964,458,191,37,1110,"2016-10-19 00:00:00"
153070,"European studies","Ethnic studies",57,Intermediate,4732,16,38,34,340,"2016-10-21 00:00:00"
157903,"European studies",Ethnology,27,Beginner,6357,125,466,44,1100,"2017-07-27 00:00:00"
164470,"European studies",Culturology,36,Beginner,1980,292,228,23,345,"2016-10-29 00:00:00"
179470,"European studies","Cross-cultural studies",28,Beginner,8156,496,157,69,1380,"2018-08-30 00:00:00"
176921,"European studies","White studies",38,Intermediate,3367,240,77,20,500,"2019-01-14 00:00:00"
172346,"European studies","Black studies",55,Advanced,3524,120,78,54,1890,"2017-04-25 00:00:00"
137887,"Medical physics",Mechanics,48,Advanced,1304,36,368,64,640,"2016-04-28 00:00:00"
194612,"Medical physics","Analytical mechanics",63,Beginner,6678,85,281,50,1000,"2015-08-22 00:00:00"
158119,"Medical physics","Applied mechanics",43,Beginner,8863,229,499,32,1120,"2018-10-04 00:00:00"
152638,"Medical physics",Ballistics,32,Intermediate,1366,169,115,88,3080,"2015-02-05 00:00:00"
145930,"Medical physics",Biomechanics,53,Intermediate,3690,149,309,88,1320,"2018-10-15 00:00:00"
147169,"Medical physics","Celestial mechanics",40,Intermediate,3479,159,327,40,600,"2018-08-16 00:00:00"
113541,"Medical physics","Classical mechanics",63,Intermediate,3128,82,457,42,630,"2018-05-03 00:00:00"
114093,"Medical physics","Continuum mechanics",27,Beginner,5232,344,285,69,2415,"2016-08-18 00:00:00"
116777,"Medical physics","Fluid mechanics",34,Advanced,5275,499,33,66,990,"2016-10-23 00:00:00"
115028,"Medical physics","Compressible flow",24,Beginner,5783,85,47,55,1100,"2017-04-15 00:00:00"
193582,"Medical physics","Gas mechanics",61,Beginner,2584,186,337,76,2280,"2016-07-04 00:00:00"
104479,"Medical physics","Fracture mechanics",41,Advanced,6228,128,191,69,2070,"2015-04-27 00:00:00"
117685,"Medical physics","Hamiltonian mechanics",40,Beginner,4034,80,2,34,1020,"2017-04-17 00:00:00"
146035,"Medical physics",Hydraulics,34,Beginner,2066,348,416,35,525,"2017-12-24 00:00:00"
193347,"Medical physics","Lagrangian mechanics",42,Advanced,9357,126,257,62,620,"2018-01-10 00:00:00"
122630,"Medical physics","Matrix mechanics",28,Advanced,3534,277,283,60,600,"2015-06-22 00:00:00"
135124,"Medical physics","Molecular mechanics",49,Beginner,7878,19,492,72,1440,"2018-06-22 00:00:00"
125673,"Medical physics",Optomechanics,28,Beginner,6572,271,245,32,480,"2015-08-01 00:00:00"
155026,"Medical physics","Particle mechanics",43,Advanced,5429,374,239,22,330,"2018-05-01 00:00:00"
128277,"Medical physics","Quantum mechanics",65,Intermediate,4707,485,35,83,2905,"2015-10-29 00:00:00"
111127,"Medical physics","Relativistic mechanics",63,Advanced,9317,259,59,44,1100,"2015-08-02 00:00:00"
105244,"Medical physics","Relativistic quantum mechanics",62,Advanced,1096,102,270,79,2765,"2016-09-03 00:00:00"
139021,"Medical physics","Soil mechanics",34,Intermediate,9338,298,417,82,2870,"2018-11-21 00:00:00"
184864,"Medical physics","Solid mechanics",24,Advanced,8552,6,424,42,1260,"2016-11-23 00:00:00"
106111,"Medical physics","Statistical mechanics",36,Beginner,4192,196,465,34,340,"2017-09-24 00:00:00"
145089,"Medical physics","Quantum statistical mechanics",52,Intermediate,5615,226,198,65,2275,"2016-06-29 00:00:00"
195844,"Medical physics","Mineral physics",22,Beginner,8057,168,353,35,700,"2017-09-12 00:00:00"
196561,"Medical physics","Molecular physics",30,Beginner,8824,184,242,64,1920,"2016-09-20 00:00:00"
182897,"Medical physics","Nuclear physics",48,Beginner,6774,246,49,80,1600,"2016-06-09 00:00:00"
130730,"Medical physics",Optics,27,Intermediate,3502,343,26,30,1050,"2016-04-04 00:00:00"
114605,"Medical physics","Geometrical optics",66,Intermediate,8226,272,94,53,530,"2016-03-26 00:00:00"
176323,"Medical physics","Physical optics",53,Intermediate,7512,368,356,64,2240,"2018-08-21 00:00:00"
128816,"Medical physics","Quantum optics",20,Intermediate,5273,287,137,23,575,"2016-01-02 00:00:00"
158263,"Medical physics","Particle physics",46,Beginner,3838,218,105,49,1470,"2016-08-30 00:00:00"
134710,"Medical physics",Petrophysics,22,Intermediate,8157,438,360,87,2610,"2016-04-03 00:00:00"
142664,"Medical physics",Photonics,47,Beginner,2199,133,289,28,980,"2017-03-05 00:00:00"
167794,"Medical physics","Physical chemistry",54,Intermediate,8645,451,318,76,1140,"2017-06-09 00:00:00"
135223,"Medical physics","Plasma physics",38,Advanced,3248,452,158,27,810,"2018-10-04 00:00:00"
196621,"Medical physics","Polymer physics",36,Beginner,4613,424,308,34,1190,"2015-04-22 00:00:00"
109506,"Medical physics","Quantum physics",22,Beginner,4984,326,276,41,615,"2018-09-17 00:00:00"
144563,"Medical physics","Quantum technology",31,Advanced,2530,170,440,80,2000,"2016-05-16 00:00:00"
165803,"Medical physics",Radiophysics,60,Beginner,3780,77,323,89,3115,"2018-06-03 00:00:00"
166871,"Medical physics",Relativity,65,Intermediate,7542,168,120,60,600,"2017-02-07 00:00:00"
139216,"Medical physics","General relativity",22,Intermediate,2614,288,392,20,300,"2016-02-23 00:00:00"
123777,"Medical physics","Special relativity",67,Advanced,3363,166,294,40,600,"2016-01-11 00:00:00"
117286,"Medical physics","Social physics",31,Beginner,9360,4,367,46,920,"2018-10-27 00:00:00"
138078,"Medical physics","Soil physics",48,Beginner,3240,223,238,35,875,"2016-09-30 00:00:00"
162520,"Medical physics","Solid state physics",65,Intermediate,1636,358,406,77,2695,"2018-06-16 00:00:00"
154421,"Medical physics",Spintronics,42,Beginner,9022,135,0,88,2640,"2017-11-14 00:00:00"
152888,"Medical physics",Statics,45,Intermediate,7949,395,304,72,1800,"2017-03-08 00:00:00"
186250,"Medical physics","Fluid statics",42,Intermediate,5438,314,449,65,1950,"2017-08-13 00:00:00"
122929,"Medical physics","Statistical physics",28,Beginner,6975,96,73,28,840,"2015-05-09 00:00:00"
123205,"Medical physics","Surface physics",67,Beginner,6098,451,227,20,400,"2016-05-13 00:00:00"
143585,"Medical physics","Theoretical physics",59,Beginner,6698,324,109,37,925,"2015-03-06 00:00:00"
172219,"Medical physics","Quantum field theory",69,Advanced,1409,240,375,65,1625,"2015-05-24 00:00:00"
178195,"Medical physics","Quantum gravity",31,Intermediate,8698,85,73,54,1620,"2016-04-09 00:00:00"
119668,"Medical physics","Thermal physics",62,Intermediate,8451,234,149,80,2800,"2016-08-27 00:00:00"