,id,first_name,last_name,email,state_id,department_id,salary,hire_date,birth_date
0,1,Early,Mouatt,emouatt0@yellowpages.com,12.0,,,2012-07-16,1962-07-27
1,2,Hyatt,Shambroke,hshambroke1@sohu.com,38.0,1.0,15063.0,2014-08-11,1964-08-05
2,3,Ferrell,Yerborn,fyerborn2@artisteer.com,31.0,3.0,14913.0,2013-07-27,1965-04-23
3,4,Lillis,Lavielle,llavielle3@vimeo.com,40.0,4.0,20591.0,2012-08-04,1960-04-13
4,5,Olwen,Parncutt,oparncutt4@google.co.uk,,,,2010-06-30,1967-12-26
5,6,Liv,Feore,lfeore5@xing.com,,,,2014-08-07,1964-08-03
6,7,Eamon,Sandeson,esandeson6@usda.gov,6.0,,,2013-01-20,1962-03-11
7,8,Amie,Shiers,ashiers7@blinklist.com,15.0,,,2014-05-26,1960-07-28
8,9,Natalie,Nother,nnother8@trellian.com,3.0,1.0,9209.0,2011-05-14,1960-02-21
9,10,Jade,Wood,jwood9@google.com,8.0,3.0,10747.0,2012-10-18,1966-01-05
10,11,Charity,Klees,ckleesa@vinaora.com,,,,2014-02-21,1961-09-01
11,12,Patsy,Louche,ploucheb@miitbeian.gov.cn,37.0,8.0,11553.0,2010-04-04,1966-08-09
12,13,Novelia,Lethbridge,nlethbridgec@ucoz.com,22.0,5.0,16989.0,2013-01-21,1964-11-29
13,14,Cornall,Camilleri,ccamillerid@yahoo.co.jp,18.0,4.0,9309.0,2015-05-31,1963-02-13
14,15,Bobine,Sellner,bsellnere@eepurl.com,38.0,1.0,13472.0,2012-08-05,1963-05-13
15,16,Berny,Kier,bkierf@flavors.me,5.0,,,2014-11-05,1962-05-03
16,17,Tanhya,Ithell,tithellg@tripadvisor.com,2.0,,,2012-05-20,1966-11-18
17,18,Minna,Selburn,mselburnh@ifeng.com,25.0,5.0,20626.0,2010-02-05,1966-11-18
18,19,Andee,Hawkwood,ahawkwoodi@chron.com,,9.0,15949.0,2011-04-29,1963-10-06
19,20,Seline,Rantoull,srantoullj@deviantart.com,,,,2011-10-21,1963-02-13
20,21,Eleni,Pearce,epearcek@stanford.edu,36.0,2.0,19604.0,2012-11-09,1963-03-06
21,22,Celinka,Asplin,casplinl@amazonaws.com,15.0,5.0,8463.0,2010-10-21,1966-07-20
22,23,Danell,Matuszynski,dmatuszynskim@intel.com,23.0,2.0,21863.0,2010-06-16,1966-02-27
23,24,Irena,Dyble,idyblen@xing.com,,,,2012-06-09,1962-10-27
24,25,Stillman,Lathbury,slathburyo@upenn.edu,4.0,,,2013-02-03,1963-05-12
25,26,Saunders,Simnett,ssimnettp@mayoclinic.com,,,,2010-08-26,1968-02-17
26,27,Blayne,Whiteford,bwhitefordq@so-net.ne.jp,16.0,1.0,21715.0,2011-01-10,1965-01-18
27,28,Nananne,Perocci,nperoccir@wordpress.org,8.0,6.0,12909.0,2010-08-02,1966-04-25
28,29,Kelbee,Bernini,kberninis@opensource.org,8.0,7.0,9850.0,2013-08-01,1963-08-07
29,30,Kean,Fidge,kfidget@msn.com,21.0,7.0,19824.0,2015-06-21,1963-07-21
30,31,Gerta,Pandya,gpandyau@blogtalkradio.com,16.0,,,2012-01-20,1963-05-16
31,32,Eldredge,Boome,eboomev@epa.gov,,,,2011-01-12,1963-02-18
32,33,Yvor,Piatto,ypiattow@about.com,2.0,5.0,20907.0,2010-11-07,1962-02-10
33,34,Brig,Wellstead,bwellsteadx@wikia.com,40.0,5.0,20947.0,2011-06-20,1967-11-16
34,35,Blondell,Bisp,bbispy@nytimes.com,19.0,2.0,14113.0,2010-09-18,1963-08-02
35,36,Rey,Pounsett,rpounsettz@scientificamerican.com,2.0,10.0,11584.0,2010-03-04,1965-01-09
36,37,Babita,Rubinlicht,brubinlicht10@home.pl,25.0,5.0,14399.0,2015-04-03,1962-07-09
37,38,Burty,Binge,bbinge11@flavors.me,9.0,10.0,15028.0,2010-08-02,1965-09-13
38,39,Fina,Bruna,fbruna12@zdnet.com,27.0,10.0,9350.0,2013-08-24,1960-05-27
39,40,Wilhelmine,Castanaga,wcastanaga13@wufoo.com,17.0,4.0,21716.0,2011-12-13,1962-05-07
40,41,Dorothea,Pickworth,dpickworth14@samsung.com,,,,2011-09-08,1960-02-09
41,42,Derrik,Sperry,dsperry15@scientificamerican.com,,9.0,22820.0,2012-06-17,1961-03-03
42,43,Myrle,Cardenosa,mcardenosa16@oracle.com,,10.0,13363.0,2013-10-17,1967-07-15
43,44,Randa,Splevings,rsplevings17@dailymotion.com,17.0,3.0,16361.0,2013-07-08,1960-11-22
44,45,Jessey,McGeraghty,jmcgeraghty18@about.com,,10.0,10216.0,2013-05-09,1966-11-21
45,46,Adrianna,Riddoch,ariddoch19@house.gov,,,,2010-11-06,1965-11-29
46,47,Oliver,Gerler,ogerler1a@bbc.co.uk,,,,2014-07-24,1960-09-17
47,48,Hyacinthia,Goodison,hgoodison1b@opera.com,34.0,9.0,13550.0,2012-04-05,1963-09-06
48,49,Wiley,Chittleburgh,wchittleburgh1c@sakura.ne.jp,1.0,8.0,23625.0,2012-03-15,1962-01-16
49,50,Allene,Antonopoulos,aantonopoulos1d@biglobe.ne.jp,1.0,8.0,9854.0,2013-05-02,1966-02-12
50,51,Myrta,Langhorne,mlanghorne1e@google.pl,40.0,2.0,7748.0,2012-08-02,1962-05-21
51,52,Rodney,Coulbeck,rcoulbeck1f@umich.edu,30.0,8.0,15911.0,2010-03-23,1961-05-04
52,53,Bertie,Demeter,bdemeter1g@google.ca,1.0,4.0,23859.0,2013-07-26,1965-03-26
53,54,Bidget,Pluck,bpluck1h@amazonaws.com,,,,2014-10-03,1961-02-22
54,55,Carlin,MacMaykin,cmacmaykin1i@hexun.com,13.0,3.0,12457.0,2013-07-12,1963-09-25
55,56,Ginny,Shellshear,gshellshear1j@github.com,8.0,,,2015-01-27,1961-02-01
56,57,Nissa,Kinch,nkinch1k@google.fr,,,,2015-06-06,1960-04-28
57,58,Findley,Lacheze,flacheze1l@wikispaces.com,25.0,8.0,11270.0,2013-03-11,1966-06-18
58,59,Sandro,Mulberry,smulberry1m@go.com,11.0,9.0,19632.0,2011-06-18,1960-08-18
59,60,Patricio,Stockings,pstockings1n@un.org,19.0,,,2013-06-28,1963-01-15
60,61,Dynah,Stamps,dstamps1o@zdnet.com,15.0,2.0,18018.0,2012-09-07,1964-10-24
61,62,Udall,Polk,upolk1p@twitpic.com,39.0,8.0,11009.0,2015-02-07,1965-04-18
62,63,Angela,Kocher,akocher1q@wikia.com,6.0,3.0,10669.0,2010-01-26,1967-04-04
63,64,Malorie,Rowley,mrowley1r@behance.net,,9.0,18360.0,2012-09-30,1961-06-25
64,65,Putnem,Lawn,plawn1s@comsenz.com,38.0,6.0,20565.0,2012-12-02,1962-06-03
65,66,Maureen,Storch,mstorch1t@irs.gov,,,,2014-11-05,1965-12-04
66,67,Leelah,Petigrew,lpetigrew1u@oaic.gov.au,17.0,5.0,8983.0,2014-01-30,1964-04-17
67,68,Zackariah,Dudden,zdudden1v@mail.ru,26.0,9.0,20546.0,2015-06-09,1962-09-09
68,69,Cammy,Jansema,cjansema1w@trellian.com,16.0,,,2012-01-13,1965-05-01
69,70,Talia,Falkinder,tfalkinder1x@typepad.com,13.0,2.0,23140.0,2015-03-19,1960-12-03
70,71,Kelci,Seviour,kseviour1y@kickstarter.com,24.0,7.0,24765.0,2014-05-16,1962-01-13
71,72,Trude,Latty,tlatty1z@t-online.de,29.0,9.0,22225.0,2013-09-29,1965-07-12
72,73,Rich,Earnshaw,rearnshaw20@ow.ly,17.0,,,2010-09-13,1960-12-04
73,74,Cathi,Yeude,cyeude21@prlog.org,,10.0,15738.0,2011-03-04,1961-01-29
74,75,Drew,Seamons,dseamons22@npr.org,,,,2012-05-20,1965-08-25
75,76,Lothario,Lambrook,llambrook23@bbc.co.uk,,9.0,14586.0,2010-02-25,1962-12-25
76,77,Rochette,McTrustey,rmctrustey24@free.fr,6.0,3.0,23387.0,2014-12-19,1960-11-12
77,78,Amara,Gianelli,agianelli25@lycos.com,33.0,4.0,12640.0,2010-01-08,1960-07-26
78,79,Indira,Thackeray,ithackeray26@clickbank.net,39.0,10.0,20756.0,2011-03-20,1962-03-10
79,80,Keslie,Morsey,kmorsey27@naver.com,30.0,9.0,10483.0,2015-05-01,1965-10-31
80,81,Modestia,Hansemann,mhansemann28@prlog.org,,,,2010-12-01,1966-02-03
81,82,Tess,Boydon,tboydon29@blogger.com,11.0,5.0,12566.0,2014-09-07,1966-03-12
82,83,Daffie,Waiting,dwaiting2a@freewebs.com,31.0,2.0,22201.0,2011-10-05,1967-06-01
83,84,Babb,Masterson,bmasterson2b@vinaora.com,,3.0,19731.0,2013-10-27,1964-07-07
84,85,Anderson,Start,astart2c@lycos.com,9.0,3.0,20011.0,2013-06-17,1963-12-31
85,86,Ruth,Fallawe,rfallawe2d@cbslocal.com,33.0,,,2012-06-26,1960-09-06
86,87,Reena,Smittoune,rsmittoune2e@quantcast.com,17.0,4.0,18021.0,2014-11-23,1963-02-22
87,88,Garret,Starkings,gstarkings2f@mysql.com,19.0,8.0,16791.0,2012-04-29,1964-05-31
88,89,Hamel,Holdforth,hholdforth2g@free.fr,,5.0,18851.0,2011-06-04,1967-09-05
89,90,Jeno,Marflitt,jmarflitt2h@vistaprint.com,,,,2014-11-03,1962-03-30
90,91,Franchot,Deekes,fdeekes2i@1und1.de,5.0,,,2011-03-05,1960-01-07
91,92,Wesley,Gayforth,wgayforth2j@nbcnews.com,21.0,2.0,14802.0,2013-10-10,1965-04-19
92,93,Izak,Sheerman,isheerman2k@utexas.edu,40.0,3.0,11327.0,2011-08-22,1962-02-27
93,94,Analiese,Hanhart,ahanhart2l@ucoz.ru,13.0,3.0,23246.0,2013-08-05,1965-09-20
94,95,Skell,Doeg,sdoeg2m@house.gov,30.0,7.0,8855.0,2015-03-11,1966-12-05
95,96,Giacomo,Humphrys,ghumphrys2n@walmart.com,31.0,3.0,8097.0,2013-08-19,1966-06-11
96,97,Berty,Stickney,bstickney2o@oakley.com,35.0,10.0,13588.0,2012-09-26,1966-10-14
97,98,Sharona,Greally,sgreally2p@list-manage.com,33.0,1.0,15388.0,2012-03-23,1961-04-02
98,99,Rosabelle,Noulton,rnoulton2q@google.pl,,7.0,15029.0,2014-02-04,1966-11-26
99,100,Cordelia,Valder,cvalder2r@arizona.edu,32.0,,,2012-09-12,1963-01-20
100,101,Toma,Cuerdall,tcuerdall2s@cpanel.net,14.0,,,2013-02-07,1962-10-30
101,102,Simonette,Lockey,slockey2t@studiopress.com,8.0,5.0,21647.0,2011-06-16,1968-02-25
102,103,Maurise,Covely,mcovely2u@facebook.com,2.0,9.0,13828.0,2013-06-27,1967-06-07
103,104,Benyamin,Furminger,bfurminger2v@oracle.com,12.0,4.0,12064.0,2011-03-30,1966-12-14
104,105,Burke,Carnachen,bcarnachen2w@yelp.com,2.0,8.0,8804.0,2011-09-08,1964-06-30
105,106,Verney,Omond,vomond2x@jiathis.com,,7.0,21092.0,2011-08-04,1963-04-05
106,107,Lulu,Troup,ltroup2y@ed.gov,27.0,,,2015-06-24,1966-05-01
107,108,Dunc,McMichell,dmcmichell2z@imgur.com,33.0,1.0,15499.0,2013-05-24,1960-05-01
108,109,Redford,Kedward,rkedward30@bloglines.com,33.0,5.0,17923.0,2013-01-02,1966-08-16
109,110,Xenia,Gavini,xgavini31@goo.gl,,,,2014-06-17,1963-10-28
110,111,Hall,Nickoles,hnickoles32@woothemes.com,22.0,10.0,15082.0,2012-08-01,1965-11-13
111,112,Lukas,Gregine,lgregine33@blogs.com,34.0,10.0,23071.0,2012-03-30,1965-07-05
112,113,Jessamine,Orbine,jorbine34@goo.gl,37.0,7.0,19858.0,2014-11-04,1967-08-26
113,114,Chadd,Seden,cseden35@theglobeandmail.com,,8.0,10938.0,2013-05-02,1966-06-04
114,115,Allister,Klimov,aklimov36@php.net,28.0,,,2013-01-14,1961-04-18
115,116,Jackquelin,Scotfurth,jscotfurth37@g.co,28.0,2.0,14727.0,2010-03-06,1962-04-27
116,117,Cori,Oris,coris38@ustream.tv,15.0,5.0,23724.0,2015-02-14,1961-01-05
117,118,Zaccaria,Maletratt,zmaletratt39@zimbio.com,4.0,2.0,20571.0,2013-06-16,1965-06-23
118,119,Delcine,Mattea,dmattea3a@google.co.uk,31.0,7.0,13766.0,2011-04-11,1967-06-17
119,120,Madlin,Aldington,maldington3b@sourceforge.net,20.0,6.0,22264.0,2011-08-24,1966-07-08
120,121,Jody,Holyland,jholyland3c@360.cn,27.0,6.0,20220.0,2014-10-14,1960-04-12
121,122,Page,McLugish,pmclugish3d@drupal.org,23.0,5.0,11219.0,2012-03-19,1961-08-03
122,123,Zita,Loveredge,zloveredge3e@desdev.cn,6.0,8.0,15298.0,2013-12-15,1966-09-12
123,124,Nonnah,Stamper,nstamper3f@phoca.cz,,3.0,22165.0,2012-12-28,1964-04-11
124,125,Enrica,Elcoate,eelcoate3g@dell.com,23.0,,,2015-04-03,1960-06-10
125,126,Evonne,Gingles,egingles3h@geocities.com,15.0,6.0,23912.0,2010-06-07,1963-03-24
126,127,Shannon,Castree,scastree3i@trellian.com,,,,2010-08-29,1960-08-10
127,128,Hans,Myner,hmyner3j@google.fr,22.0,9.0,17213.0,2010-04-13,1960-07-04
128,129,Cordie,Evenden,cevenden3k@lulu.com,2.0,8.0,12345.0,2015-02-24,1965-11-07
129,130,Cinderella,Geistbeck,cgeistbeck3l@slashdot.org,,6.0,15375.0,2013-10-14,1968-01-27
130,131,Aubert,Bartlet,abartlet3m@wikia.com,11.0,,,2012-03-19,1966-05-16
131,132,Arch,McIlroy,amcilroy3n@usatoday.com,27.0,1.0,21460.0,2013-10-26,1961-12-15
132,133,Leanor,Bunner,lbunner3o@salon.com,2.0,9.0,24782.0,2014-04-30,1963-03-16
133,134,Igor,O' Mara,iomara3p@xinhuanet.com,36.0,2.0,19645.0,2011-03-07,1964-03-12
134,135,Winona,Lawey,wlawey3q@ted.com,23.0,1.0,13784.0,2010-01-06,1960-02-23
135,136,Neill,Barus,nbarus3r@cnn.com,23.0,,,2011-06-26,1966-03-17
136,137,Carmine,Skewes,cskewes3s@ning.com,,9.0,23447.0,2014-11-10,1962-06-28
137,138,Hal,Corradetti,hcorradetti3t@phoca.cz,29.0,8.0,8141.0,2012-03-26,1965-06-22
138,139,Clark,Aven,caven3u@free.fr,36.0,1.0,23292.0,2012-08-22,1963-02-05
139,140,Ignatius,Brehaut,ibrehaut3v@flickr.com,,4.0,9173.0,2012-12-03,1960-07-03
140,141,Geno,Petrolli,gpetrolli3w@arstechnica.com,23.0,,,2010-01-07,1960-10-20
141,142,Jemimah,Havis,jhavis3x@newsvine.com,,,,2012-08-25,1967-05-03
142,143,Truman,Endecott,tendecott3y@bbc.co.uk,2.0,,,2012-05-18,1966-09-21
143,144,Arnie,Rutter,arutter3z@blog.com,8.0,1.0,11485.0,2011-06-18,1964-05-11
144,145,Renault,Tantrum,rtantrum40@nytimes.com,,3.0,18277.0,2011-08-21,1963-12-02
145,146,Beck,Duligall,bduligall41@google.pl,36.0,,,2013-06-25,1967-03-11
146,147,Adair,Pitherick,apitherick42@github.io,37.0,8.0,16224.0,2014-04-03,1965-09-23
147,148,Tome,Probert,tprobert43@reference.com,10.0,1.0,20215.0,2011-02-07,1963-07-30
148,149,Talbert,Coghlan,tcoghlan44@imdb.com,16.0,7.0,21222.0,2015-03-28,1960-11-22
149,150,Katina,Holde,kholde45@ebay.com,11.0,,,2013-04-22,1966-03-17
150,151,Elsworth,Colliard,ecolliard46@omniture.com,10.0,,,2012-10-19,1960-09-04
151,152,Dex,Easlea,deaslea47@delicious.com,,,,2014-01-02,1961-08-09
152,153,Kane,Bento,kbento48@themeforest.net,,7.0,24967.0,2012-06-18,1963-04-04
153,154,Mattie,Samms,msamms49@marketwatch.com,13.0,,,2014-04-15,1962-02-03
154,155,Dougy,Bore,dbore4a@feedburner.com,30.0,,,2013-01-02,1966-04-07
155,156,Nixie,Synan,nsynan4b@hugedomains.com,22.0,5.0,24383.0,2014-06-14,1962-08-10
156,157,Druci,Chesson,dchesson4c@163.com,5.0,4.0,7592.0,2013-09-27,1963-10-17
157,158,Launce,Tuftin,ltuftin4d@prlog.org,20.0,3.0,24385.0,2015-02-12,1960-07-14
158,159,Jesse,Kassidy,jkassidy4e@cnbc.com,,7.0,23742.0,2011-01-27,1967-01-09
159,160,Tiebout,Pollock,tpollock4f@patch.com,7.0,,,2010-10-01,1966-06-17
160,161,Raymond,Poytheras,rpoytheras4g@icq.com,,7.0,16515.0,2012-07-02,1967-03-17
161,162,Melisande,Eveleigh,meveleigh4h@flavors.me,15.0,,,2014-12-05,1967-11-02
162,163,Rooney,Beavan,rbeavan4i@ed.gov,30.0,,,2010-12-28,1960-06-25
163,164,Arlen,Chaman,achaman4j@tripod.com,11.0,4.0,9576.0,2014-12-21,1963-05-04
164,165,Feliks,Genn,fgenn4k@constantcontact.com,24.0,2.0,18948.0,2014-04-17,1965-09-12
165,166,Walker,Lowell,wlowell4l@newsvine.com,3.0,6.0,21099.0,2012-07-31,1965-10-21
166,167,Milli,Courtier,mcourtier4m@chron.com,3.0,10.0,13489.0,2013-01-26,1964-05-29
167,168,Amye,Gayler,agayler4n@ehow.com,16.0,10.0,14351.0,2011-03-01,1964-06-09
168,169,Barthel,Manthorpe,bmanthorpe4o@facebook.com,15.0,3.0,22569.0,2013-07-18,1960-11-27
169,170,Maximilian,O'Hallihane,mohallihane4p@imageshack.us,23.0,4.0,22707.0,2014-11-20,1966-03-23
170,171,Del,Meredyth,dmeredyth4q@un.org,,1.0,24831.0,2013-06-22,1965-06-06
171,172,Finn,Ledwitch,fledwitch4r@nasa.gov,1.0,8.0,16045.0,2015-06-10,1964-06-01
172,173,Geraldine,Pandya,gpandya4s@state.tx.us,,,,2013-05-10,1967-10-22
173,174,Saxe,Garn,sgarn4t@mit.edu,33.0,,,2011-05-04,1962-05-02
174,175,Bordie,Maber,bmaber4u@washington.edu,22.0,8.0,17939.0,2015-04-29,1960-03-14
175,176,Lottie,Grisbrook,lgrisbrook4v@taobao.com,9.0,3.0,9240.0,2011-08-09,1960-09-25
176,177,Johnnie,Roxburch,jroxburch4w@opensource.org,29.0,9.0,23719.0,2010-03-30,1963-06-23
177,178,Gretel,Cowland,gcowland4x@auda.org.au,18.0,7.0,10584.0,2015-04-05,1963-10-05
178,179,Guillema,Bowser,gbowser4y@va.gov,6.0,10.0,23229.0,2012-01-08,1961-12-22
179,180,Shelton,Aisthorpe,saisthorpe4z@theatlantic.com,10.0,8.0,8868.0,2014-01-16,1961-04-19
180,181,Gustie,Seedull,gseedull50@zdnet.com,35.0,10.0,19681.0,2015-04-07,1967-04-07
181,182,Franciskus,Mattholie,fmattholie51@delicious.com,,10.0,20913.0,2014-11-08,1963-05-26
182,183,Willard,Desvignes,wdesvignes52@webeden.co.uk,39.0,9.0,12435.0,2014-04-03,1961-02-16
183,184,Berty,Toopin,btoopin53@shutterfly.com,,5.0,20930.0,2012-05-11,1965-10-19
184,185,Nady,O'Sherrin,nosherrin54@a8.net,20.0,,,2015-03-02,1960-06-28
185,186,Eimile,Vynehall,evynehall55@linkedin.com,33.0,7.0,22022.0,2011-10-11,1960-09-14
186,187,Jewelle,Ryce,jryce56@weather.com,34.0,,,2011-08-27,1962-04-09
187,188,Idette,Edwicker,iedwicker57@aboutads.info,,10.0,23237.0,2014-05-20,1966-04-19
188,189,Georgia,Jedrzejewsky,gjedrzejewsky58@abc.net.au,7.0,1.0,18895.0,2012-12-02,1965-01-31
189,190,Ethyl,Benoey,ebenoey59@dropbox.com,7.0,10.0,15897.0,2014-09-23,1962-03-26
190,191,Fawnia,Shelly,fshelly5a@google.com,8.0,8.0,10607.0,2014-04-27,1961-08-08
191,192,Arvy,Johannes,ajohannes5b@51.la,,6.0,19673.0,2010-10-28,1968-01-23
192,193,Jamaal,Danat,jdanat5c@acquirethisname.com,40.0,2.0,13012.0,2011-04-24,1964-02-03
193,194,Alana,Van der Brug,avanderbrug5d@bluehost.com,,4.0,12840.0,2014-07-26,1966-09-19
194,195,Mohandis,Timlett,mtimlett5e@bloglines.com,34.0,4.0,22746.0,2011-10-04,1960-10-28
195,196,Lyda,McGiffin,lmcgiffin5f@unblog.fr,39.0,7.0,21107.0,2014-05-24,1961-08-15
196,197,Zelig,Pluthero,zpluthero5g@nbcnews.com,29.0,8.0,24417.0,2015-03-03,1962-11-16
197,198,Moe,Bourgaize,mbourgaize5h@hud.gov,21.0,10.0,17709.0,2010-11-29,1963-03-26
198,199,Foster,Jerschke,fjerschke5i@nifty.com,,10.0,17622.0,2010-09-04,1964-07-29
199,200,Augusto,Upward,aupward5j@over-blog.com,7.0,,,2012-10-22,1961-05-24
200,201,Manolo,O'Lunney,molunney5k@naver.com,,,,2010-07-01,1962-05-15
201,202,Kirsti,Giannazzi,kgiannazzi5l@mapy.cz,3.0,8.0,9872.0,2012-12-24,1965-04-27
202,203,Zabrina,Stennine,zstennine5m@nymag.com,22.0,,,2013-05-10,1960-04-04
203,204,Silva,Sigart,ssigart5n@mapy.cz,2.0,10.0,12494.0,2012-01-06,1967-05-08
204,205,Electra,Mitford,emitford5o@wikipedia.org,33.0,7.0,22957.0,2010-08-19,1963-08-15
205,206,Ronnie,Jessard,rjessard5p@unesco.org,2.0,4.0,18117.0,2014-02-19,1967-02-06
206,207,Melony,Tales,mtales5q@xrea.com,,,,2014-03-15,1964-04-10
207,208,Audra,Mulqueeny,amulqueeny5r@walmart.com,24.0,2.0,16928.0,2014-05-16,1961-01-24
208,209,Fenelia,Pynn,fpynn5s@goodreads.com,,,,2012-02-06,1962-04-01
209,210,Ruthie,Garnson,rgarnson5t@unc.edu,22.0,8.0,19599.0,2011-02-26,1965-07-18
210,211,Fae,Gilbertson,fgilbertson5u@seesaa.net,,,,2013-11-18,1963-08-01
211,212,Prince,Diviney,pdiviney5v@spotify.com,23.0,,,2011-02-04,1964-12-07
212,213,Zebulon,Greenslade,zgreenslade5w@typepad.com,15.0,2.0,21111.0,2012-05-12,1963-01-15
213,214,Sydney,Sorley,ssorley5x@theglobeandmail.com,34.0,10.0,15650.0,2012-03-13,1965-02-21
214,215,Byrle,Ferenczy,bferenczy5y@lycos.com,11.0,6.0,11968.0,2013-08-22,1962-02-15
215,216,Kristina,Skarman,kskarman5z@tamu.edu,10.0,3.0,18777.0,2010-12-22,1967-05-27
216,217,Malissa,Semerad,msemerad60@google.es,33.0,7.0,20938.0,2015-05-01,1965-01-29
217,218,Clint,Vigors,cvigors61@statcounter.com,36.0,3.0,24440.0,2015-01-10,1964-11-02
218,219,Rosemarie,Sivior,rsivior62@smugmug.com,,1.0,17336.0,2015-03-03,1963-12-14
219,220,Reina,Hordle,rhordle63@fastcompany.com,6.0,2.0,8919.0,2010-03-25,1966-10-04
220,221,Vinita,Speek,vspeek64@ed.gov,,,,2015-04-03,1961-05-07
221,222,Donna,Mouat,dmouat65@mapy.cz,,6.0,9647.0,2012-07-30,1967-07-15
222,223,Burg,McGerraghty,bmcgerraghty66@umich.edu,22.0,,,2010-11-04,1965-11-22
223,224,Chantalle,Tournay,ctournay67@mlb.com,29.0,6.0,21497.0,2010-11-06,1966-04-18
224,225,Otes,Bentote,obentote68@about.com,24.0,10.0,16997.0,2012-01-05,1965-02-03
225,226,Letta,Larham,llarham69@theglobeandmail.com,40.0,10.0,14822.0,2012-02-29,1967-07-28
226,227,Nappy,Rulf,nrulf6a@dot.gov,6.0,5.0,23930.0,2014-10-19,1964-10-18
227,228,Chery,Cottu,ccottu6b@spotify.com,7.0,7.0,23586.0,2011-11-12,1967-12-04
228,229,Barty,Penswick,bpenswick6c@unblog.fr,40.0,,,2011-06-06,1964-05-16
229,230,Ronalda,Markus,rmarkus6d@weibo.com,2.0,4.0,14354.0,2014-05-01,1966-01-09
230,231,Max,Barsby,mbarsby6e@infoseek.co.jp,4.0,,,2010-12-05,1961-12-10
231,232,Virgie,Hune,vhune6f@patch.com,16.0,,,2011-08-15,1960-11-18
232,233,Bat,Rupert,brupert6g@alibaba.com,18.0,9.0,9515.0,2012-06-04,1961-07-20
233,234,Selma,Povele,spovele6h@sfgate.com,23.0,9.0,24587.0,2015-02-09,1965-11-01
234,235,Oralie,Dedon,odedon6i@epa.gov,15.0,8.0,20588.0,2010-02-22,1961-07-13
235,236,Hayyim,Kilcullen,hkilcullen6j@china.com.cn,,,,2011-06-02,1962-01-05
236,237,Patric,Gillhespy,pgillhespy6k@t.co,5.0,3.0,19481.0,2010-12-29,1960-04-13
237,238,Max,Oxford,moxford6l@cnn.com,17.0,7.0,23683.0,2013-09-18,1968-03-07
238,239,Quintina,Nials,qnials6m@springer.com,9.0,10.0,16804.0,2013-05-18,1960-07-23
239,240,Janeta,Barense,jbarense6n@ox.ac.uk,2.0,,,2012-08-01,1964-06-09
240,241,Abra,Severy,asevery6o@hhs.gov,11.0,8.0,15667.0,2011-03-28,1960-08-31
241,242,Sadye,Yann,syann6p@nsw.gov.au,8.0,1.0,21690.0,2011-08-17,1963-04-02
242,243,Fred,Deabill,fdeabill6q@studiopress.com,23.0,5.0,23468.0,2015-04-10,1965-08-26
243,244,Elinore,Beake,ebeake6r@addtoany.com,,,,2010-05-24,1967-05-29
244,245,Gregorius,Farnon,gfarnon6s@symantec.com,,9.0,17216.0,2011-02-09,1965-02-10
245,246,Thorstein,Organ,torgan6t@zdnet.com,10.0,7.0,11316.0,2014-02-02,1963-02-24
246,247,Sara,Brezlaw,sbrezlaw6u@auda.org.au,3.0,4.0,11671.0,2014-03-07,1963-02-06
247,248,Jannel,Kensall,jkensall6v@qq.com,,10.0,15636.0,2014-01-05,1962-05-27
248,249,Georgie,Brett,gbrett6w@scribd.com,32.0,8.0,12784.0,2013-03-24,1965-07-18
249,250,Marena,Bygrove,mbygrove6x@house.gov,7.0,9.0,7773.0,2015-03-20,1962-10-05
250,251,Inger,Applegarth,iapplegarth6y@imgur.com,9.0,10.0,12271.0,2012-01-08,1962-10-12
251,252,Tamarah,Zamora,tzamora6z@umich.edu,,8.0,19917.0,2010-01-20,1964-06-16
252,253,Lane,Ackeroyd,lackeroyd70@unicef.org,25.0,3.0,7937.0,2012-06-17,1960-01-19
253,254,Jo-ann,Poznanski,jpoznanski71@jalbum.net,,,,2011-11-19,1961-12-18
254,255,Ailey,Oubridge,aoubridge72@creativecommons.org,36.0,4.0,10322.0,2013-03-11,1966-05-04
255,256,Dannye,Wolfendell,dwolfendell73@reverbnation.com,13.0,,,2014-05-27,1964-05-13
256,257,Remington,Hanny,rhanny74@psu.edu,25.0,8.0,17364.0,2013-05-15,1964-12-30
257,258,Mariann,Bernardeschi,mbernardeschi75@zdnet.com,,9.0,17693.0,2010-04-12,1960-10-24
258,259,Waverly,Donaher,wdonaher76@unc.edu,34.0,,,2011-04-15,1966-12-02
259,260,Michel,Monck,mmonck77@meetup.com,19.0,4.0,20825.0,2010-11-02,1967-09-30
260,261,Finn,Cabedo,fcabedo78@biglobe.ne.jp,,6.0,12483.0,2010-06-16,1967-05-21
261,262,Helenka,Ovett,hovett79@reverbnation.com,,8.0,21044.0,2011-05-24,1964-09-13
262,263,Marja,Carbry,mcarbry7a@sphinn.com,34.0,10.0,15246.0,2010-10-30,1961-04-20
263,264,Lind,MacDavitt,lmacdavitt7b@domainmarket.com,,2.0,24277.0,2013-06-16,1966-01-09
264,265,Zachary,Gentiry,zgentiry7c@baidu.com,,2.0,10821.0,2010-12-21,1960-05-30
265,266,Henrik,Whewill,hwhewill7d@bloomberg.com,35.0,7.0,21572.0,2014-11-19,1961-01-25
266,267,Adolf,Buchan,abuchan7e@artisteer.com,,10.0,13355.0,2011-01-11,1963-02-22
267,268,Benedikta,Giacobbo,bgiacobbo7f@arizona.edu,15.0,8.0,7064.0,2010-02-28,1961-10-15
268,269,Phillida,Greenless,pgreenless7g@independent.co.uk,15.0,9.0,9487.0,2012-03-04,1967-03-08
269,270,Carmela,Schooling,cschooling7h@google.com.hk,,3.0,13325.0,2010-08-26,1967-03-31
270,271,Cthrine,Pagel,cpagel7i@chronoengine.com,36.0,10.0,8653.0,2014-05-07,1960-06-11
271,272,Saw,De Hooge,sdehooge7j@furl.net,18.0,7.0,19715.0,2010-02-09,1965-08-28
272,273,Sophey,Sibyllina,ssibyllina7k@i2i.jp,16.0,5.0,11477.0,2012-10-29,1967-06-30
273,274,Monica,Goudman,mgoudman7l@linkedin.com,17.0,10.0,20117.0,2011-03-15,1966-05-14
274,275,Mickey,Gilchrist,mgilchrist7m@npr.org,4.0,,,2014-10-01,1967-10-28
275,276,Row,Yve,ryve7n@livejournal.com,32.0,,,2010-07-04,1965-12-26
276,277,Lani,Burkwood,lburkwood7o@a8.net,15.0,4.0,11361.0,2010-11-26,1963-05-15
277,278,Waiter,Winspeare,wwinspeare7p@nationalgeographic.com,9.0,5.0,23673.0,2010-06-29,1964-06-28
278,279,Pennie,Glanville,pglanville7q@com.com,13.0,4.0,10394.0,2013-03-10,1967-04-17
279,280,Engracia,Hrishchenko,ehrishchenko7r@usatoday.com,27.0,10.0,8013.0,2011-09-20,1961-03-28
280,281,Estella,Chilver,echilver7s@springer.com,,5.0,10749.0,2015-01-28,1961-07-25
281,282,Rance,Purple,rpurple7t@theatlantic.com,,7.0,20485.0,2010-06-15,1964-12-21
282,283,Pacorro,Palombi,ppalombi7u@google.co.uk,18.0,,,2010-04-10,1960-03-08
283,284,Mathias,Doig,mdoig7v@360.cn,21.0,,,2011-01-14,1963-12-30
284,285,Penni,Traher,ptraher7w@msu.edu,,,,2013-06-06,1963-08-05
285,286,Corby,Dodsley,cdodsley7x@cisco.com,35.0,6.0,15208.0,2011-07-06,1961-10-22
286,287,Rowland,Dinesen,rdinesen7y@newsvine.com,39.0,,,2014-06-22,1961-06-13
287,288,Linnie,Guslon,lguslon7z@scientificamerican.com,24.0,4.0,12096.0,2011-08-21,1968-01-07
288,289,Gilbertina,Valentin,gvalentin80@jugem.jp,36.0,1.0,7965.0,2015-05-22,1964-07-11
289,290,Janifer,Housley,jhousley81@state.tx.us,37.0,9.0,17964.0,2013-05-05,1966-11-17
290,291,Willey,Fitzsymon,wfitzsymon82@google.ca,31.0,,,2010-11-17,1967-04-05
291,292,Ayn,Seson,aseson83@blogs.com,25.0,8.0,9757.0,2013-09-02,1966-07-29
292,293,Shina,Coonan,scoonan84@economist.com,38.0,4.0,19896.0,2010-05-28,1961-02-08
293,294,Robena,Machans,rmachans85@hud.gov,,9.0,13600.0,2013-11-21,1966-12-09
294,295,Frederica,Tynan,ftynan86@naver.com,4.0,4.0,20055.0,2013-08-24,1966-09-01
295,296,Dody,Breton,dbreton87@huffingtonpost.com,,,,2010-03-28,1967-06-06
296,297,Kerrill,Potier,kpotier88@ca.gov,,,,2014-10-21,1960-09-29
297,298,Thaddeus,Geistmann,tgeistmann89@ycombinator.com,,6.0,7463.0,2014-02-01,1964-05-07
298,299,Freddy,Awin,fawin8a@e-recht24.de,6.0,5.0,17245.0,2013-08-19,1961-08-04
299,300,Nicolette,Rolfo,nrolfo8b@stumbleupon.com,32.0,9.0,24741.0,2012-09-15,1967-09-26
300,301,Drucy,Batting,dbatting8c@who.int,4.0,,,2013-09-10,1962-02-21
301,302,Christyna,Carik,ccarik8d@bandcamp.com,21.0,7.0,9296.0,2012-10-26,1963-09-06
302,303,Dorena,Kolinsky,dkolinsky8e@fastcompany.com,5.0,,,2013-07-08,1965-09-14
303,304,Kylen,Shiel,kshiel8f@scientificamerican.com,39.0,1.0,18687.0,2012-05-01,1964-10-03
304,305,Lillian,Filisov,lfilisov8g@slate.com,,3.0,18887.0,2014-02-24,1965-06-02
305,306,Vernor,Petrolli,vpetrolli8h@va.gov,,5.0,20049.0,2012-11-19,1968-01-21
306,307,Izzy,Cannon,icannon8i@illinois.edu,28.0,,,2015-06-23,1960-11-15
307,308,Hurleigh,Genever,hgenever8j@ebay.co.uk,,6.0,21536.0,2014-07-03,1966-09-13
308,309,Shawn,McAuliffe,smcauliffe8k@chron.com,26.0,,,2015-01-21,1965-11-21
309,310,Justina,Stygall,jstygall8l@diigo.com,19.0,7.0,7369.0,2011-02-26,1965-10-11
310,311,Randal,Sesser,rsesser8m@shop-pro.jp,38.0,5.0,18929.0,2011-03-04,1960-11-10
311,312,Cynthia,Georgeou,cgeorgeou8n@taobao.com,5.0,8.0,9973.0,2011-05-17,1967-12-13
312,313,Hubert,Eveling,heveling8o@smh.com.au,34.0,4.0,19951.0,2012-05-03,1965-04-21
313,314,Gael,Souness,gsouness8p@archive.org,20.0,2.0,17043.0,2014-09-20,1967-01-17
314,315,Buckie,Planke,bplanke8q@blogspot.com,19.0,3.0,9747.0,2014-08-12,1962-01-30
315,316,Sheila-kathryn,Brickwood,sbrickwood8r@topsy.com,25.0,6.0,15689.0,2015-04-10,1962-09-08
316,317,Meryl,Lambertini,mlambertini8s@a8.net,,,,2012-07-04,1961-11-04
317,318,Jareb,Lawlan,jlawlan8t@opensource.org,27.0,1.0,11058.0,2014-09-18,1965-08-09
318,319,Charmaine,Pocklington,cpocklington8u@comsenz.com,12.0,,,2011-04-13,1966-09-28
319,320,Loydie,Nanetti,lnanetti8v@google.co.jp,32.0,,,2012-05-04,1962-07-13
320,321,Henri,Lutton,hlutton8w@fastcompany.com,37.0,,,2013-01-17,1962-06-06
321,322,Molly,McGrae,mmcgrae8x@ebay.com,,2.0,8579.0,2013-05-15,1966-06-20
322,323,Genna,Kingescot,gkingescot8y@goo.ne.jp,40.0,5.0,24459.0,2013-02-05,1966-11-06
323,324,Trina,Sline,tsline8z@whitehouse.gov,22.0,3.0,18585.0,2014-06-27,1967-06-22
324,325,Grenville,Local,glocal90@ning.com,1.0,3.0,15467.0,2014-12-30,1964-11-01
325,326,Harriette,Robecon,hrobecon91@t-online.de,33.0,2.0,18469.0,2012-03-16,1966-10-06
326,327,Antoinette,Colebourn,acolebourn92@gnu.org,16.0,4.0,15414.0,2015-03-24,1961-01-30
327,328,Friedrick,McCrow,fmccrow93@comcast.net,4.0,3.0,20823.0,2012-09-15,1967-01-31
328,329,Bernadene,Domerque,bdomerque94@wunderground.com,,5.0,17803.0,2011-05-24,1965-03-16
329,330,Bartholemy,Capelow,bcapelow95@senate.gov,31.0,2.0,20931.0,2010-05-27,1967-05-20
330,331,Angie,Kalinowsky,akalinowsky96@sbwire.com,,9.0,12425.0,2013-10-19,1966-03-21
331,332,Wesley,Harsum,wharsum97@hostgator.com,,,,2010-04-24,1960-06-23
332,333,Hamilton,Owtram,howtram98@amazon.co.uk,,7.0,20119.0,2010-07-11,1964-01-23
333,334,Had,Havile,hhavile99@about.com,20.0,,,2012-02-17,1967-04-19
334,335,Esma,Hastwall,ehastwall9a@over-blog.com,23.0,4.0,14150.0,2011-12-11,1964-05-27
335,336,Aldus,Watson-Brown,awatsonbrown9b@aol.com,,10.0,24247.0,2012-10-18,1964-12-24
336,337,Ernaline,Younghusband,eyounghusband9c@sina.com.cn,14.0,,,2014-05-01,1961-04-02
337,338,Ellary,Laxson,elaxson9d@cdbaby.com,26.0,6.0,23442.0,2013-11-13,1966-05-01
338,339,Vassili,Barrim,vbarrim9e@sitemeter.com,30.0,6.0,11877.0,2011-05-14,1965-09-29
339,340,Alisha,Sealeaf,asealeaf9f@japanpost.jp,37.0,,,2014-07-28,1965-03-08
340,341,Preston,Uridge,puridge9g@usgs.gov,10.0,1.0,22211.0,2013-11-16,1962-05-24
341,342,Riccardo,Galland,rgalland9h@comsenz.com,30.0,8.0,16764.0,2015-01-20,1967-09-16
342,343,Gilburt,Riley,griley9i@discuz.net,2.0,4.0,23609.0,2014-04-17,1962-11-27
343,344,Fredek,Ponnsett,fponnsett9j@discovery.com,1.0,8.0,16257.0,2013-08-04,1965-10-16
344,345,Dell,McArtan,dmcartan9k@zdnet.com,26.0,5.0,17964.0,2011-02-04,1961-04-07
345,346,Ludvig,Bertie,lbertie9l@utexas.edu,31.0,,,2012-08-13,1967-12-14
346,347,Phillis,Antonazzi,pantonazzi9m@seesaa.net,31.0,1.0,21564.0,2011-07-13,1965-07-20
347,348,Gwynne,Coudray,gcoudray9n@uol.com.br,36.0,,,2011-11-04,1960-01-12
348,349,Missy,Ballham,mballham9o@hexun.com,14.0,,,2012-06-06,1965-10-08
349,350,Marion,Schellig,mschellig9p@cdbaby.com,3.0,2.0,20402.0,2010-06-01,1966-02-23
350,351,Samuel,Hadenton,shadenton9q@imdb.com,30.0,9.0,11444.0,2010-08-12,1964-10-04
351,352,Norean,Cadogan,ncadogan9r@amazonaws.com,26.0,9.0,12818.0,2015-05-23,1963-05-19
352,353,Randie,Simants,rsimants9s@people.com.cn,9.0,,,2012-07-30,1963-02-28
353,354,Tildie,Mendez,tmendez9t@furl.net,20.0,4.0,17737.0,2010-03-20,1960-02-24
354,355,Marley,Toten,mtoten9u@netscape.com,,,,2013-09-24,1967-04-15
355,356,Shayna,Fellos,sfellos9v@bloomberg.com,28.0,6.0,8564.0,2010-06-10,1967-01-08
356,357,Inga,Loxley,iloxley9w@mozilla.org,5.0,,,2015-06-17,1967-09-29
357,358,Jenda,Lubeck,jlubeck9x@wufoo.com,10.0,,,2011-05-22,1966-09-08
358,359,Hieronymus,Braime,hbraime9y@yahoo.co.jp,40.0,,,2011-08-05,1964-08-08
359,360,Margret,Hickenbottom,mhickenbottom9z@yahoo.com,34.0,9.0,19535.0,2010-10-29,1967-08-09
360,361,Kattie,Caruth,kcarutha0@paginegialle.it,,,,2014-01-26,1964-06-09
361,362,Cordelia,Hasser,chassera1@bloglovin.com,36.0,,,2011-08-04,1963-09-17
362,363,Augustine,Godwyn,agodwyna2@biglobe.ne.jp,26.0,9.0,18382.0,2011-06-10,1965-11-18
363,364,Isiahi,Smeed,ismeeda3@spotify.com,37.0,6.0,15339.0,2014-09-03,1967-02-04
364,365,Jemie,Pullar,jpullara4@mozilla.com,33.0,,,2012-01-29,1967-10-12
365,366,Jakie,Leeder,jleedera5@123-reg.co.uk,15.0,4.0,18441.0,2014-11-06,1960-02-18
366,367,Janice,Luis,jluisa6@a8.net,28.0,4.0,17782.0,2012-06-13,1966-06-10
367,368,Chilton,Marskell,cmarskella7@arizona.edu,,,,2015-05-01,1965-07-14
368,369,Renaldo,Gilroy,rgilroya8@yellowpages.com,,6.0,9857.0,2013-09-01,1963-10-25
369,370,Scarface,Masham,smashama9@xinhuanet.com,7.0,2.0,22749.0,2012-08-13,1966-11-15
370,371,Conrado,Flewan,cflewanaa@icq.com,,4.0,15803.0,2012-09-03,1962-01-06
371,372,Orelia,Hoolaghan,ohoolaghanab@symantec.com,1.0,7.0,21467.0,2011-05-14,1963-09-07
372,373,Myrlene,Iggulden,migguldenac@guardian.co.uk,26.0,10.0,9212.0,2012-11-19,1962-08-22
373,374,Kirby,Blabber,kblabberad@chronoengine.com,8.0,,,2013-02-16,1964-05-31
374,375,Brandise,Manion,bmanionae@foxnews.com,30.0,8.0,15514.0,2013-12-13,1966-02-08
375,376,Gilly,Bunworth,gbunworthaf@tamu.edu,34.0,7.0,15980.0,2014-06-23,1962-05-24
376,377,Mufi,Willmore,mwillmoreag@dailymail.co.uk,9.0,7.0,21003.0,2013-11-28,1965-02-24
377,378,Clem,Leele,cleeleah@marriott.com,,3.0,14068.0,2011-09-13,1961-10-10
378,379,Berte,Geator,bgeatorai@imgur.com,27.0,2.0,15537.0,2013-11-04,1968-01-26
379,380,Martino,Spandley,mspandleyaj@google.fr,19.0,,,2014-05-01,1963-04-20
380,381,Brooks,Rivelin,brivelinak@miitbeian.gov.cn,4.0,7.0,7794.0,2011-08-06,1960-04-02
381,382,Jessy,Nelane,jnelaneal@geocities.com,30.0,2.0,13611.0,2013-02-23,1967-01-20
382,383,Kelvin,Woodroofe,kwoodroofeam@paypal.com,,7.0,10426.0,2011-08-27,1963-12-03
383,384,Wynnie,Sofe,wsofean@yellowpages.com,,,,2013-07-30,1963-04-03
384,385,Amble,Dmitrovic,admitrovicao@stumbleupon.com,10.0,6.0,13652.0,2014-02-10,1961-05-29
385,386,Lilly,Ollander,lollanderap@etsy.com,7.0,,,2012-01-07,1967-04-15
386,387,Giustino,Longmate,glongmateaq@ovh.net,,5.0,15044.0,2012-02-29,1966-08-08
387,388,Clemmie,Pellingar,cpellingarar@telegraph.co.uk,1.0,4.0,21129.0,2011-05-07,1966-04-14
388,389,Killy,Wippermann,kwippermannas@istockphoto.com,11.0,1.0,10638.0,2012-10-03,1967-08-10
389,390,Cedric,Conlon,cconlonat@salon.com,10.0,9.0,10622.0,2014-10-17,1968-03-03
390,391,Hillard,Martino,hmartinoau@drupal.org,19.0,2.0,14884.0,2014-08-22,1967-06-24
391,392,Cleve,Cowburn,ccowburnav@instagram.com,26.0,,,2015-02-27,1963-12-08
392,393,Emalee,Arsmith,earsmithaw@harvard.edu,,9.0,13901.0,2012-11-22,1960-09-12
393,394,Joli,Bradborne,jbradborneax@shop-pro.jp,9.0,,,2011-02-26,1964-08-27
394,395,Chase,Yitshak,cyitshakay@pcworld.com,33.0,,,2014-10-01,1965-07-22
395,396,Stacey,Needham,sneedhamaz@storify.com,23.0,9.0,11999.0,2011-01-22,1963-04-25
396,397,Bidget,Chessel,bchesselb0@sourceforge.net,39.0,,,2011-12-17,1968-03-11
397,398,Doti,Gilbane,dgilbaneb1@taobao.com,,4.0,15081.0,2010-03-09,1963-09-04
398,399,Lannie,Hastilow,lhastilowb2@bluehost.com,22.0,,,2014-01-26,1961-01-28
399,400,Ruthi,Convery,rconveryb3@digg.com,3.0,6.0,7780.0,2010-09-26,1965-03-29
400,401,Emanuel,Egdale,eegdaleb4@oakley.com,19.0,5.0,22355.0,2010-04-07,1966-10-30
401,402,Ingrim,Pagram,ipagramb5@wsj.com,32.0,,,2011-04-08,1964-05-26
402,403,Abbott,Truter,atruterb6@joomla.org,21.0,10.0,17288.0,2010-12-29,1966-07-02
403,404,Alyson,Dunbar,adunbarb7@kickstarter.com,20.0,9.0,19434.0,2012-10-31,1963-04-24
404,405,Coralyn,Brower,cbrowerb8@booking.com,37.0,4.0,20674.0,2014-03-03,1961-07-23
405,406,Abby,MacColl,amaccollb9@example.com,,7.0,7700.0,2012-12-12,1960-05-26
406,407,Ginevra,Ubank,gubankba@github.io,26.0,,,2012-03-13,1961-08-04
407,408,Emmet,Ilyinykh,eilyinykhbb@senate.gov,7.0,2.0,12013.0,2014-08-22,1963-08-12
408,409,Frederich,Carnow,fcarnowbc@tmall.com,31.0,1.0,7557.0,2015-05-10,1965-08-26
409,410,Melinda,Newbigging,mnewbiggingbd@cbsnews.com,37.0,,,2010-07-14,1960-02-26
410,411,Ruthann,Robjohns,rrobjohnsbe@dailymotion.com,18.0,1.0,14203.0,2011-09-19,1960-08-05
411,412,Lisbeth,Shenton,lshentonbf@cafepress.com,17.0,,,2015-06-08,1963-12-16
412,413,Sherye,Doxsey,sdoxseybg@reference.com,30.0,,,2013-06-05,1963-06-24
413,414,Debby,Toulson,dtoulsonbh@miitbeian.gov.cn,21.0,4.0,13029.0,2013-03-20,1962-10-02
414,415,Bert,Jennison,bjennisonbi@devhub.com,13.0,8.0,21266.0,2014-01-25,1965-07-22
415,416,Reinold,Biggins,rbigginsbj@springer.com,37.0,,,2013-03-10,1962-11-14
416,417,Catlee,Patrickson,cpatricksonbk@ezinearticles.com,32.0,,,2013-05-03,1967-12-31
417,418,Wenonah,Chominski,wchominskibl@livejournal.com,32.0,,,2012-08-14,1963-04-19
418,419,Theresa,Licquorish,tlicquorishbm@adobe.com,34.0,,,2010-03-30,1965-12-22
419,420,Ad,McAvinchey,amcavincheybn@google.fr,,1.0,22726.0,2011-09-29,1966-03-18
420,421,Demetra,Downey,ddowneybo@cocolog-nifty.com,25.0,,,2014-10-13,1963-06-07
421,422,Valentine,Delacote,vdelacotebp@msn.com,,3.0,9548.0,2010-09-07,1964-12-20
422,423,Lottie,Stode,lstodebq@cnn.com,39.0,5.0,13141.0,2014-08-13,1963-12-09
423,424,Danila,Razzell,drazzellbr@cnet.com,16.0,7.0,13271.0,2015-03-01,1966-11-20
424,425,Nikolia,Prescot,nprescotbs@wufoo.com,,9.0,23905.0,2011-10-24,1967-01-21
425,426,Pepito,Caulkett,pcaulkettbt@chronoengine.com,36.0,5.0,14169.0,2010-08-14,1966-09-25
426,427,Meridith,Blincowe,mblincowebu@purevolume.com,10.0,6.0,21346.0,2013-04-09,1968-02-07
427,428,Lennard,Shaplin,lshaplinbv@ucoz.com,33.0,9.0,8097.0,2012-04-22,1964-02-20
428,429,Branden,Gosdin,bgosdinbw@ibm.com,3.0,1.0,19497.0,2014-10-25,1966-05-10
429,430,Jasper,Sanper,jsanperbx@istockphoto.com,39.0,8.0,24907.0,2013-08-30,1960-06-28
430,431,Lurline,Eatherton,leathertonby@istockphoto.com,20.0,2.0,7884.0,2012-07-01,1960-03-07
431,432,Sybille,Dumini,sduminibz@4shared.com,,,,2011-05-21,1964-07-22
432,433,Cletus,Braxay,cbraxayc0@sbwire.com,12.0,,,2010-12-11,1962-02-22
433,434,Northrup,Aspinal,naspinalc1@elegantthemes.com,32.0,8.0,19905.0,2011-06-26,1964-10-23
434,435,Ariella,Cubbinelli,acubbinellic2@canalblog.com,22.0,5.0,9281.0,2015-06-21,1960-09-21
435,436,Shanan,Salters,ssaltersc3@icio.us,26.0,1.0,20022.0,2011-09-19,1966-10-03
436,437,Felicio,Thames,fthamesc4@examiner.com,26.0,5.0,11971.0,2014-07-21,1960-11-23
437,438,Cesaro,Hardesty,chardestyc5@oakley.com,1.0,6.0,22394.0,2011-07-02,1964-06-23
438,439,Leanor,Redler,lredlerc6@pinterest.com,,,,2012-08-15,1960-07-26
439,440,Mathian,Jouannisson,mjouannissonc7@desdev.cn,39.0,7.0,24282.0,2014-10-14,1967-04-02
440,441,Suzann,Bernot,sbernotc8@123-reg.co.uk,21.0,5.0,7205.0,2010-02-15,1965-08-10
441,442,Titos,Drakeford,tdrakefordc9@globo.com,39.0,8.0,7085.0,2013-07-14,1962-06-15
442,443,Esmeralda,Chetwind,echetwindca@wordpress.org,29.0,2.0,7992.0,2010-06-03,1966-06-12
443,444,Jere,Pilpovic,jpilpoviccb@unesco.org,29.0,,,2012-12-30,1965-02-18
444,445,Kenneth,Alejo,kalejocc@163.com,33.0,7.0,7935.0,2010-09-23,1964-02-13
445,446,Reggi,Morphet,rmorphetcd@sourceforge.net,5.0,10.0,7460.0,2014-05-18,1964-12-29
446,447,Sherry,Rainton,sraintonce@bing.com,,,,2012-11-14,1964-09-09
447,448,Emmye,Laban,elabancf@cisco.com,21.0,,,2013-06-26,1961-11-18
448,449,Eric,Skellorne,eskellornecg@ow.ly,26.0,,,2013-01-12,1966-11-20
449,450,Daryl,Tabram,dtabramch@merriam-webster.com,3.0,5.0,14163.0,2011-04-01,1961-12-29
450,451,Miguelita,Muscat,mmuscatci@miitbeian.gov.cn,6.0,7.0,8236.0,2014-05-23,1960-07-23
451,452,Merill,Marklin,mmarklincj@feedburner.com,37.0,7.0,18930.0,2014-01-05,1966-02-22
452,453,Esteban,Berthon,eberthonck@economist.com,,6.0,9722.0,2015-04-21,1963-07-15
453,454,Patrice,Hempel,phempelcl@chronoengine.com,32.0,2.0,16717.0,2010-03-03,1964-04-01
454,455,Putnam,Haking,phakingcm@dyndns.org,27.0,,,2014-07-06,1962-02-19
455,456,Matt,Ruprecht,mruprechtcn@jugem.jp,17.0,3.0,22861.0,2014-05-05,1968-01-12
456,457,Parke,Duro,pduroco@businesswire.com,35.0,,,2012-06-24,1966-08-11
457,458,Lynna,Frank,lfrankcp@tamu.edu,36.0,7.0,7597.0,2014-04-14,1963-11-28
458,459,Cirillo,Cockburn,ccockburncq@list-manage.com,3.0,2.0,8871.0,2011-03-21,1960-05-19
459,460,Egan,Fullard,efullardcr@unblog.fr,35.0,5.0,9034.0,2013-04-13,1965-01-17
460,461,Panchito,Joselevitch,pjoselevitchcs@home.pl,3.0,,,2010-03-26,1963-05-13
461,462,Alvin,Risman,arismanct@nps.gov,40.0,3.0,20250.0,2015-05-15,1960-02-05
462,463,Rae,Kittman,rkittmancu@ow.ly,,,,2011-09-10,1966-03-14
463,464,Lissa,McCorkindale,lmccorkindalecv@newsvine.com,28.0,10.0,13600.0,2015-04-24,1965-10-25
464,465,Theo,Wilman,twilmancw@hp.com,3.0,8.0,15561.0,2010-06-27,1960-02-14
465,466,Maighdiln,Pawel,mpawelcx@angelfire.com,15.0,7.0,17720.0,2010-08-02,1963-07-04
466,467,Farrah,Egar,fegarcy@bandcamp.com,,,,2014-03-20,1961-08-06
467,468,Gabriello,Sainz,gsainzcz@jiathis.com,21.0,6.0,7958.0,2013-05-15,1962-04-24
468,469,Stacy,Flockhart,sflockhartd0@phoca.cz,15.0,1.0,15435.0,2012-10-18,1964-06-12
469,470,Normie,Wythe,nwythed1@mashable.com,9.0,3.0,19834.0,2013-01-29,1965-10-16
470,471,Lisle,Orkney,lorkneyd2@microsoft.com,,5.0,23479.0,2015-06-09,1961-04-13
471,472,Yves,Androletti,yandrolettid3@examiner.com,1.0,7.0,16986.0,2012-07-25,1964-07-13
472,473,Shane,Gleeton,sgleetond4@state.gov,12.0,10.0,12234.0,2012-12-02,1967-01-23
473,474,Valencia,Wickerson,vwickersond5@time.com,39.0,9.0,15850.0,2011-05-30,1961-03-05
474,475,Parnell,Kinney,pkinneyd6@about.com,18.0,3.0,18100.0,2012-06-29,1967-12-17
475,476,Elwin,Abrahm,eabrahmd7@so-net.ne.jp,23.0,2.0,10241.0,2012-09-10,1967-02-13
476,477,Wanids,Tilzey,wtilzeyd8@archive.org,18.0,,,2014-10-21,1960-01-30
477,478,Bald,Shillaber,bshillaberd9@de.vu,6.0,4.0,24812.0,2014-06-01,1964-08-16
478,479,Fredrika,Jayme,fjaymeda@booking.com,33.0,10.0,9570.0,2015-04-28,1963-06-01
479,480,Ryley,Tissiman,rtissimandb@ucoz.com,,8.0,20931.0,2013-11-29,1961-05-10
480,481,Gloriane,Brushneen,gbrushneendc@sina.com.cn,40.0,6.0,7420.0,2015-06-16,1963-09-09
481,482,Remy,Tryhorn,rtryhorndd@netscape.com,25.0,9.0,10900.0,2011-03-01,1967-10-05
482,483,Hi,M'Barron,hmbarronde@msn.com,,1.0,21788.0,2010-08-05,1966-11-03
483,484,Eldridge,Fenner,efennerdf@purevolume.com,30.0,1.0,9678.0,2011-09-13,1964-10-07
484,485,Dalli,Mcwhinney,dmcwhinneydg@vk.com,3.0,4.0,8833.0,2014-10-05,1960-05-27
485,486,Kimberlee,Laurence,klaurencedh@hubpages.com,,,,2010-02-13,1961-06-14
486,487,Francoise,Morena,fmorenadi@seattletimes.com,18.0,,,2011-09-02,1966-12-14
487,488,Felipe,Goucher,fgoucherdj@live.com,28.0,3.0,14040.0,2013-09-11,1962-10-25
488,489,Lina,Size,lsizedk@instagram.com,24.0,,,2011-05-25,1964-01-09
489,490,Gardie,Astill,gastilldl@dyndns.org,16.0,10.0,14555.0,2013-08-06,1961-11-04
490,491,Carline,Fenck,cfenckdm@jimdo.com,23.0,10.0,14760.0,2010-05-05,1965-07-27
491,492,Anstice,Simonnin,asimonnindn@a8.net,7.0,,,2012-01-23,1966-03-10
492,493,Tally,Rosensaft,trosensaftdo@goo.gl,8.0,,,2013-11-18,1961-04-12
493,494,Bartholemy,Pawlowicz,bpawlowiczdp@mozilla.com,39.0,1.0,23434.0,2010-03-02,1967-01-15
494,495,Ansell,Westpfel,awestpfeldq@unicef.org,16.0,,,2014-07-10,1965-03-18
495,496,Jessamyn,Form,jformdr@about.com,15.0,,,2010-06-16,1964-09-06
496,497,Blinnie,Frowing,bfrowingds@squidoo.com,17.0,3.0,19270.0,2014-09-26,1967-11-09
497,498,Nadiya,Davenell,ndavenelldt@patch.com,16.0,,,2013-03-15,1966-11-26
498,499,Jennilee,Monkeman,jmonkemandu@bloglovin.com,21.0,,,2014-01-30,1966-03-10
499,500,Meghann,Mitham,mmithamdv@princeton.edu,8.0,1.0,22165.0,2011-08-07,1960-06-18
500,501,Ty,Elcoat,telcoatdw@technorati.com,7.0,,,2012-08-11,1963-09-24
501,502,Barrie,Tregunnah,btregunnahdx@digg.com,7.0,1.0,16430.0,2013-08-07,1960-02-26
502,503,Eachelle,Bullick,ebullickdy@answers.com,13.0,1.0,17090.0,2014-03-16,1961-11-19
503,504,Charmion,Bowgen,cbowgendz@csmonitor.com,29.0,5.0,13195.0,2014-04-10,1965-04-19
504,505,Amalie,Sarginson,asarginsone0@techcrunch.com,,,,2012-11-15,1964-12-03
505,506,Anabelle,Josebury,ajoseburye1@photobucket.com,,7.0,13506.0,2011-10-04,1964-05-25
506,507,Corbin,Meegin,cmeegine2@ezinearticles.com,12.0,7.0,20643.0,2012-04-13,1966-04-19
507,508,Carly,Eilhart,ceilharte3@buzzfeed.com,12.0,7.0,23200.0,2011-02-15,1963-10-04
508,509,Babara,Tomovic,btomovice4@qq.com,,5.0,16008.0,2012-05-19,1960-10-15
509,510,Jenda,Knaggs,jknaggse5@com.com,5.0,,,2011-12-11,1967-09-01
510,511,Celesta,Bierling,cbierlinge6@joomla.org,13.0,,,2014-06-15,1960-12-24
511,512,Hyacinthe,Turban,hturbane7@alexa.com,4.0,7.0,21416.0,2014-08-17,1967-11-14
512,513,Abra,Jurges,ajurgese8@blogger.com,,8.0,7739.0,2014-07-29,1964-11-24
513,514,Rhianon,Baistow,rbaistowe9@sun.com,25.0,3.0,7618.0,2014-11-24,1962-12-12
514,515,Lemmy,O'Roan,loroanea@seesaa.net,7.0,,,2012-03-28,1960-08-03
515,516,Seamus,Petracco,spetraccoeb@cpanel.net,,,,2012-11-15,1963-06-30
516,517,Ives,Maingot,imaingotec@bbc.co.uk,23.0,3.0,24768.0,2015-03-01,1960-03-23
517,518,Eziechiele,Adcocks,eadcocksed@delicious.com,12.0,2.0,15588.0,2010-09-13,1965-10-25
518,519,Karlene,Saint,ksaintee@mlb.com,4.0,6.0,20980.0,2014-10-02,1961-09-29
519,520,Bone,Leipelt,bleipeltef@guardian.co.uk,8.0,,,2015-04-28,1964-08-04
520,521,Latrena,Soots,lsootseg@irs.gov,,,,2012-03-18,1962-10-20
521,522,Kym,Sambedge,ksambedgeeh@hp.com,18.0,5.0,20635.0,2010-07-23,1965-02-08
522,523,Mathian,Itzak,mitzakei@wired.com,,,,2014-07-26,1961-06-20
523,524,Carlie,Collocott,ccollocottej@com.com,21.0,3.0,23838.0,2012-11-17,1964-05-31
524,525,Nickie,Dunphie,ndunphieek@bravesites.com,,10.0,11502.0,2013-07-07,1964-04-21
525,526,Ramonda,Pudsey,rpudseyel@latimes.com,33.0,8.0,22568.0,2014-09-23,1961-04-03
526,527,Jarrad,Esmond,jesmondem@bluehost.com,12.0,5.0,16773.0,2013-04-17,1963-10-14
527,528,Aldo,Ochterlony,aochterlonyen@smh.com.au,36.0,3.0,13312.0,2010-07-06,1964-04-19
528,529,Garnette,McTaggart,gmctaggarteo@wix.com,12.0,,,2010-07-28,1967-05-24
529,530,Barbe,Fernanando,bfernanandoep@apache.org,23.0,7.0,21546.0,2015-03-07,1964-03-20
530,531,Darbie,Tolcher,dtolchereq@sciencedirect.com,25.0,10.0,11670.0,2011-05-09,1968-01-09
531,532,Christalle,Basezzi,cbasezzier@addthis.com,5.0,1.0,16507.0,2015-05-18,1967-06-22
532,533,Ruprecht,Janaud,rjanaudes@cdbaby.com,16.0,8.0,13256.0,2010-04-21,1963-06-04
533,534,Sofie,Lyokhin,slyokhinet@networksolutions.com,36.0,10.0,11238.0,2013-11-24,1962-04-13
534,535,Virgil,Ottawell,vottawelleu@csmonitor.com,15.0,6.0,16303.0,2010-02-15,1965-07-09
535,536,Gretta,Hagerty,ghagertyev@oakley.com,23.0,4.0,14845.0,2013-12-17,1967-03-26
536,537,Wash,Bayford,wbayfordew@ovh.net,11.0,,,2011-11-02,1965-07-13
537,538,Artus,Kimbell,akimbellex@mozilla.com,,8.0,17987.0,2010-04-15,1962-11-11
538,539,Nedda,Jelliman,njellimaney@unicef.org,,5.0,14517.0,2015-01-15,1960-02-12
539,540,Dorthea,Clague,dclagueez@wikia.com,21.0,,,2013-02-21,1967-02-01
540,541,Kendrick,Diegan,kdieganf0@go.com,17.0,8.0,21419.0,2012-03-23,1965-04-19
541,542,Gene,Jays,gjaysf1@wiley.com,31.0,,,2014-10-06,1965-10-19
542,543,Grete,Craster,gcrasterf2@paypal.com,11.0,,,2015-05-19,1968-03-09
543,544,Gwendolin,Gregr,ggregrf3@psu.edu,,,,2012-02-26,1964-10-14
544,545,Ber,Rawson,brawsonf4@cam.ac.uk,,6.0,23953.0,2014-09-02,1963-03-18
545,546,Aurilia,Syce,asycef5@apache.org,6.0,,,2010-04-23,1967-05-12
546,547,Amberly,Fraczek,afraczekf6@qq.com,31.0,6.0,15658.0,2014-02-01,1962-04-04
547,548,Adelaide,Kingwell,akingwellf7@taobao.com,23.0,9.0,17990.0,2014-11-08,1967-11-29
548,549,Tanya,Byham,tbyhamf8@whitehouse.gov,10.0,,,2014-01-24,1962-05-22
549,550,Coretta,Flieger,cfliegerf9@hc360.com,,2.0,11520.0,2012-04-21,1964-11-29
550,551,Glendon,Aicken,gaickenfa@abc.net.au,,10.0,11188.0,2013-11-19,1964-08-07
551,552,Austin,Barnsley,abarnsleyfb@hubpages.com,12.0,5.0,13519.0,2010-06-03,1960-02-24
552,553,Estele,Thorburn,ethorburnfc@google.ca,,3.0,8237.0,2014-11-30,1961-10-11
553,554,Jdavie,Di Bartolomeo,jdibartolomeofd@reddit.com,15.0,10.0,24135.0,2015-03-12,1964-03-29
554,555,Arlana,Dobinson,adobinsonfe@toplist.cz,36.0,,,2010-09-27,1967-04-24
555,556,Renate,Robberecht,rrobberechtff@sitemeter.com,3.0,9.0,13916.0,2013-08-21,1964-04-01
556,557,Phillipe,Colvin,pcolvinfg@usa.gov,4.0,10.0,23890.0,2014-02-12,1964-10-27
557,558,Gonzales,Dufaire,gdufairefh@freewebs.com,,3.0,13557.0,2014-10-16,1965-10-14
558,559,Terencio,Vigars,tvigarsfi@uol.com.br,,6.0,11048.0,2010-09-13,1960-07-08
559,560,Corey,Eates,ceatesfj@washingtonpost.com,,6.0,9315.0,2012-05-11,1966-09-15
560,561,Prudence,Lampard,plampardfk@naver.com,14.0,8.0,23289.0,2014-10-27,1962-05-15
561,562,Bealle,Odegaard,bodegaardfl@twitter.com,26.0,7.0,11012.0,2012-09-28,1965-11-13
562,563,Osborne,Gadson,ogadsonfm@reddit.com,,,,2014-08-12,1964-01-14
563,564,Crysta,Hallgate,challgatefn@github.io,30.0,,,2012-09-23,1967-04-04
564,565,Taylor,Insworth,tinsworthfo@flavors.me,39.0,,,2012-10-09,1966-04-07
565,566,Deane,Vodden,dvoddenfp@umich.edu,25.0,,,2014-01-20,1964-03-28
566,567,Perkin,Lively,plivelyfq@google.ru,3.0,,,2013-07-31,1962-05-04
567,568,Moore,Perroni,mperronifr@techcrunch.com,14.0,8.0,22986.0,2010-10-23,1967-10-06
568,569,Mamie,Braden,mbradenfs@webmd.com,,,,2014-07-31,1961-07-26
569,570,Jenn,By,jbyft@theatlantic.com,,8.0,10132.0,2014-08-16,1964-02-26
570,571,Mylo,Wilkin,mwilkinfu@shutterfly.com,12.0,6.0,9393.0,2015-04-29,1965-08-15
571,572,Annissa,McKeaveney,amckeaveneyfv@nbcnews.com,16.0,1.0,14206.0,2014-02-04,1961-02-14
572,573,Jasmin,Alesio,jalesiofw@amazon.de,22.0,2.0,16358.0,2014-05-08,1967-02-07
573,574,Demetre,Poupard,dpoupardfx@chron.com,,7.0,8108.0,2014-05-11,1967-06-29
574,575,Megen,Georges,mgeorgesfy@reference.com,2.0,4.0,20472.0,2010-09-07,1965-01-26
575,576,Hubie,Shellibeer,hshellibeerfz@jimdo.com,,,,2014-01-14,1960-07-24
576,577,Jewell,Ingilson,jingilsong0@com.com,,,,2015-05-28,1965-10-29
577,578,Christa,Furlong,cfurlongg1@163.com,32.0,7.0,24346.0,2015-01-19,1962-05-17
578,579,Andie,Work,aworkg2@tiny.cc,,1.0,13090.0,2010-07-13,1966-09-11
579,580,Courtnay,Durdle,cdurdleg3@bloglovin.com,1.0,,,2012-07-08,1960-02-23
580,581,Gisele,Wrightim,gwrightimg4@wordpress.com,16.0,4.0,21199.0,2010-11-05,1962-04-06
581,582,Vernice,Happert,vhappertg5@pen.io,,9.0,18767.0,2010-04-08,1966-07-25
582,583,Janeen,Eccles,jecclesg6@eventbrite.com,,10.0,23674.0,2015-01-23,1967-06-02
583,584,Roderick,Moraleda,rmoraledag7@blogs.com,9.0,2.0,7972.0,2014-12-05,1966-04-22
584,585,Ileane,Dilliway,idilliwayg8@cisco.com,31.0,5.0,16955.0,2010-09-17,1966-02-25
585,586,Phip,Glusby,pglusbyg9@cnbc.com,12.0,8.0,17845.0,2011-11-18,1966-07-14
586,587,Karin,Miguel,kmiguelga@artisteer.com,12.0,7.0,10734.0,2014-09-26,1961-12-07
587,588,Pall,Folliott,pfolliottgb@sun.com,,10.0,8980.0,2013-10-06,1963-02-21
588,589,Waverly,Risdale,wrisdalegc@merriam-webster.com,,3.0,22183.0,2012-03-20,1961-05-01
589,590,Xaviera,Tebbit,xtebbitgd@tamu.edu,,4.0,22485.0,2015-03-16,1966-02-11
590,591,Hilliary,Behagg,hbehaggge@scribd.com,26.0,,,2010-02-01,1966-10-03
591,592,Benny,Tirone,btironegf@msu.edu,2.0,,,2011-03-18,1962-12-28
592,593,Drud,Colgan,dcolgangg@mayoclinic.com,38.0,,,2010-06-05,1960-05-13
593,594,Nicola,Tommasuzzi,ntommasuzzigh@hc360.com,22.0,10.0,10100.0,2010-10-08,1966-05-18
594,595,Lorelle,Peeters,lpeetersgi@example.com,20.0,9.0,19306.0,2013-01-13,1967-01-19
595,596,Melanie,Nangle,mnanglegj@berkeley.edu,33.0,2.0,23688.0,2012-04-25,1964-03-17
596,597,Othilia,Manchester,omanchestergk@guardian.co.uk,30.0,,,2010-12-23,1960-12-15
597,598,Berni,Lusgdin,blusgdingl@mayoclinic.com,7.0,,,2013-07-27,1962-07-01
598,599,Marylin,Cordet,mcordetgm@comsenz.com,32.0,8.0,8342.0,2012-01-13,1961-08-29
599,600,Nicholas,Finch,nfinchgn@uol.com.br,33.0,,,2014-05-25,1966-07-15
600,601,Margarethe,Lerwell,mlerwellgo@netvibes.com,20.0,7.0,8562.0,2013-10-09,1964-05-13
601,602,Bradford,Turville,bturvillegp@webeden.co.uk,,4.0,18816.0,2012-04-08,1968-03-14
602,603,Kristal,Faunt,kfauntgq@oaic.gov.au,1.0,,,2010-07-01,1965-07-13
603,604,Warde,Reyes,wreyesgr@economist.com,9.0,1.0,18965.0,2011-03-19,1965-07-08
604,605,Alfredo,Bordone,abordonegs@delicious.com,,,,2015-03-23,1960-07-29
605,606,Merci,De Biaggi,mdebiaggigt@hhs.gov,25.0,8.0,18304.0,2013-09-16,1962-02-02
606,607,Gae,Haggleton,ghaggletongu@nature.com,32.0,,,2011-01-27,1963-11-11
607,608,Katuscha,Davenhall,kdavenhallgv@latimes.com,,1.0,14363.0,2011-12-21,1963-03-07
608,609,Carlynn,Sparshatt,csparshattgw@oaic.gov.au,8.0,,,2011-12-11,1962-01-22
609,610,Gertrude,Bebis,gbebisgx@delicious.com,11.0,,,2013-12-04,1961-10-26
610,611,Dawna,Dmtrovic,ddmtrovicgy@behance.net,3.0,10.0,13436.0,2014-01-20,1964-03-15
611,612,Lynsey,Farguhar,lfarguhargz@bing.com,9.0,7.0,19161.0,2010-10-15,1962-04-19
612,613,Nara,Pirelli,npirellih0@stumbleupon.com,16.0,,,2011-10-25,1962-09-27
613,614,Tabbie,Siggin,tsigginh1@lycos.com,10.0,1.0,22999.0,2014-10-26,1961-12-08
614,615,Justis,Stubbert,jstubberth2@last.fm,11.0,5.0,19798.0,2013-03-16,1963-04-22
615,616,Mirelle,Ofer,moferh3@psu.edu,13.0,,,2013-12-31,1962-04-21
616,617,Leonie,MacAdam,lmacadamh4@etsy.com,6.0,6.0,19259.0,2014-06-24,1965-03-17
617,618,Gavin,Clapham,gclaphamh5@google.com.au,26.0,4.0,21720.0,2015-01-02,1964-09-01
618,619,Claudio,Samwayes,csamwayesh6@sfgate.com,17.0,1.0,13853.0,2012-07-13,1962-09-24
619,620,Frances,Buzin,fbuzinh7@wp.com,31.0,2.0,23172.0,2010-06-01,1965-12-16
620,621,Bran,Vedishchev,bvedishchevh8@nasa.gov,17.0,,,2013-07-04,1966-11-14
621,622,Denise,Snalum,dsnalumh9@ifeng.com,26.0,9.0,24004.0,2012-06-21,1962-10-20
622,623,Rebeka,Sansbury,rsansburyha@senate.gov,39.0,10.0,21223.0,2014-08-20,1963-04-04
623,624,Cordy,Zahor,czahorhb@t.co,13.0,6.0,7823.0,2014-05-12,1964-08-15
624,625,Roderich,Tooting,rtootinghc@yellowbook.com,,1.0,22404.0,2013-01-03,1967-07-21
625,626,Rodie,Carolan,rcarolanhd@businessinsider.com,,3.0,13457.0,2010-02-23,1966-03-24
626,627,Daisy,Beldam,dbeldamhe@netvibes.com,32.0,10.0,20348.0,2011-07-29,1962-05-15
627,628,Mufinella,Tuttle,mtuttlehf@hubpages.com,25.0,1.0,19633.0,2010-11-18,1962-05-02
628,629,Sloane,Masseo,smasseohg@1und1.de,,6.0,11257.0,2015-05-31,1967-05-11
629,630,Theodor,Lippett,tlippetthh@ow.ly,,3.0,14573.0,2014-01-23,1966-02-16
630,631,Jillana,Vernazza,jvernazzahi@princeton.edu,20.0,7.0,14485.0,2011-06-30,1962-12-07
631,632,Joann,Tinker,jtinkerhj@pbs.org,13.0,9.0,19936.0,2013-02-25,1967-02-09
632,633,Adella,Dufore,aduforehk@epa.gov,31.0,9.0,12330.0,2013-04-25,1964-10-07
633,634,Scarface,Simioni,ssimionihl@bing.com,23.0,8.0,17834.0,2011-07-06,1960-04-22
634,635,Desiree,Surmeyer,dsurmeyerhm@nature.com,14.0,,,2014-11-29,1963-06-29
635,636,Charmain,Kener,ckenerhn@ibm.com,37.0,9.0,11711.0,2013-10-23,1965-12-26
636,637,Wandie,Teaser,wteaserho@mashable.com,13.0,6.0,19636.0,2010-06-06,1960-05-07
637,638,Lanette,Dymidowicz,ldymidowiczhp@goodreads.com,24.0,3.0,8283.0,2015-03-23,1964-04-14
638,639,Delphinia,Cowlas,dcowlashq@sfgate.com,23.0,9.0,19341.0,2012-05-07,1963-08-17
639,640,Theodora,Downey,tdowneyhr@jiathis.com,27.0,,,2010-02-24,1963-09-15
640,641,Patrizio,Langhor,planghorhs@huffingtonpost.com,27.0,1.0,17668.0,2012-12-28,1960-11-25
641,642,Willey,Beagen,wbeagenht@nature.com,,3.0,12003.0,2010-11-17,1963-07-28
642,643,Lenore,Bromehead,lbromeheadhu@nature.com,21.0,,,2015-04-24,1963-11-17
643,644,Abramo,Baddiley,abaddileyhv@typepad.com,,3.0,23887.0,2013-08-30,1961-08-10
644,645,Chaddie,Pettitt,cpettitthw@yale.edu,2.0,4.0,11335.0,2011-06-17,1963-05-05
645,646,Dare,Mulroy,dmulroyhx@twitter.com,11.0,8.0,17134.0,2010-12-03,1961-02-21
646,647,Katha,Bramham,kbramhamhy@virginia.edu,10.0,,,2010-06-23,1961-01-12
647,648,Rachel,Baynam,rbaynamhz@fema.gov,38.0,9.0,20747.0,2013-07-15,1964-05-11
648,649,Anastasie,Ingyon,aingyoni0@hostgator.com,7.0,,,2015-02-26,1962-09-29
649,650,Lorianne,Menary,lmenaryi1@accuweather.com,36.0,,,2012-12-03,1963-02-21
650,651,Kerby,Rapsey,krapseyi2@europa.eu,19.0,,,2012-12-27,1964-09-05
651,652,Theodor,Gaenor,tgaenori3@trellian.com,,6.0,15389.0,2012-06-11,1967-05-04
652,653,Norrie,Stokes,nstokesi4@arstechnica.com,26.0,1.0,22272.0,2013-09-14,1964-04-23
653,654,Nahum,Hainge,nhaingei5@msu.edu,13.0,8.0,12490.0,2014-12-21,1966-07-07
654,655,Michel,Stones,mstonesi6@comsenz.com,27.0,7.0,13367.0,2012-05-20,1966-12-02
655,656,Arlene,Wimlet,awimleti7@sogou.com,,3.0,15013.0,2012-12-17,1962-03-22
656,657,Mersey,Warcop,mwarcopi8@answers.com,,,,2011-09-05,1966-08-25
657,658,Hildagarde,Skirrow,hskirrowi9@sbwire.com,35.0,,,2011-06-20,1960-12-13
658,659,Stillmann,Surmeyer,ssurmeyeria@admin.ch,25.0,1.0,17869.0,2013-07-17,1960-12-08
659,660,Elonore,Moseby,emosebyib@ed.gov,,5.0,16244.0,2013-10-26,1964-01-25
660,661,Ettie,Bigland,ebiglandic@quantcast.com,,7.0,22816.0,2011-10-31,1966-03-22
661,662,Vivian,Sager,vsagerid@ucsd.edu,26.0,,,2010-03-20,1967-10-10
662,663,Jeremie,Curneen,jcurneenie@histats.com,,10.0,8515.0,2011-08-04,1960-06-21
663,664,Jourdan,Simonnot,jsimonnotif@seattletimes.com,6.0,5.0,16650.0,2010-02-19,1964-02-29
664,665,Verla,Delion,vdelionig@goodreads.com,12.0,2.0,15072.0,2012-10-24,1966-03-19
665,666,Teddy,Blagden,tblagdenih@rambler.ru,15.0,,,2011-09-03,1962-04-22
666,667,Niel,Dundon,ndundonii@histats.com,32.0,3.0,10229.0,2013-10-07,1962-01-08
667,668,Marcello,Yuryatin,myuryatinij@abc.net.au,2.0,3.0,9130.0,2010-03-09,1962-05-01
668,669,Padgett,Wilse,pwilseik@google.pl,26.0,9.0,20218.0,2013-07-18,1966-09-23
669,670,Desirae,Emblem,demblemil@vimeo.com,10.0,7.0,11833.0,2014-07-02,1960-03-12
670,671,Ketti,Quinion,kquinionim@blogspot.com,,7.0,15572.0,2011-02-07,1964-11-22
671,672,Brittne,Hatherell,bhatherellin@sphinn.com,6.0,4.0,20265.0,2013-08-18,1961-06-21
672,673,Deonne,Eadon,deadonio@answers.com,28.0,4.0,10454.0,2013-11-13,1963-07-29
673,674,Inge,Gegay,igegayip@gizmodo.com,30.0,7.0,23761.0,2011-05-17,1967-08-08
674,675,Melissa,Fullbrook,mfullbrookiq@edublogs.org,,8.0,13313.0,2013-11-23,1960-01-14
675,676,Cliff,Bransom,cbransomir@ocn.ne.jp,,2.0,10831.0,2013-06-10,1960-07-10
676,677,Ulises,Mapam,umapamis@weebly.com,22.0,8.0,21821.0,2013-08-19,1962-06-06
677,678,Jane,Holdall,jholdallit@hc360.com,,9.0,20634.0,2010-03-08,1960-01-18
678,679,Say,Malley,smalleyiu@barnesandnoble.com,1.0,4.0,20769.0,2013-05-30,1965-04-22
679,680,Blinny,Ffrench,bffrenchiv@ca.gov,25.0,,,2013-08-31,1965-05-10
680,681,Joannes,Stourton,jstourtoniw@desdev.cn,35.0,7.0,11436.0,2014-11-21,1965-08-05
681,682,Annemarie,Paroni,aparoniix@cyberchimps.com,1.0,6.0,7957.0,2013-08-05,1960-10-18
682,683,Tallie,Clamp,tclampiy@dyndns.org,,,,2011-11-24,1961-11-02
683,684,Twyla,Poultney,tpoultneyiz@printfriendly.com,,,,2013-06-04,1960-03-28
684,685,Dilly,Righy,drighyj0@behance.net,,,,2013-04-18,1963-05-09
685,686,Deena,Twelftree,dtwelftreej1@delicious.com,8.0,,,2014-06-09,1964-01-16
686,687,Ezequiel,Poinsett,epoinsettj2@yolasite.com,13.0,3.0,13194.0,2015-01-18,1965-12-13
687,688,Lydon,Gheorghescu,lgheorghescuj3@de.vu,40.0,,,2010-08-31,1967-07-10
688,689,Jakie,Treamayne,jtreamaynej4@nytimes.com,7.0,,,2010-12-27,1962-04-06
689,690,Guntar,Lammas,glammasj5@constantcontact.com,13.0,2.0,14887.0,2012-09-14,1961-04-04
690,691,Suzann,Maffeo,smaffeoj6@feedburner.com,23.0,,,2013-01-05,1964-11-27
691,692,Hobard,O'Geaney,hogeaneyj7@patch.com,,3.0,15931.0,2012-12-25,1963-12-30
692,693,Marley,Londsdale,mlondsdalej8@telegraph.co.uk,16.0,6.0,7371.0,2010-04-14,1967-09-15
693,694,Mathilda,Rummery,mrummeryj9@samsung.com,26.0,9.0,9092.0,2012-03-01,1967-01-11
694,695,Ingra,Thick,ithickja@scribd.com,11.0,8.0,8746.0,2012-01-02,1967-12-05
695,696,Killy,Cowton,kcowtonjb@macromedia.com,4.0,8.0,9030.0,2013-04-18,1966-07-04
696,697,Louise,Syme,lsymejc@g.co,10.0,10.0,11200.0,2010-02-26,1961-05-03
697,698,Isidora,Aronstam,iaronstamjd@google.com.hk,3.0,6.0,12940.0,2012-09-22,1965-05-28
698,699,Gayelord,Balasin,gbalasinje@umich.edu,38.0,4.0,19183.0,2013-04-06,1966-03-24
699,700,Felicity,Rosindill,frosindilljf@mapquest.com,,5.0,12515.0,2010-02-08,1967-05-05
700,701,Marilin,Luxmoore,mluxmoorejg@ehow.com,24.0,,,2010-10-24,1967-11-26
701,702,Giavani,Beane,gbeanejh@ebay.co.uk,30.0,4.0,9157.0,2015-04-19,1966-11-28
702,703,Daren,Dollard,ddollardji@booking.com,12.0,6.0,16368.0,2013-11-07,1962-07-21
703,704,Melisande,Benitti,mbenittijj@cam.ac.uk,31.0,7.0,10169.0,2014-09-25,1961-07-16
704,705,Delphinia,Blondell,dblondelljk@ca.gov,33.0,1.0,23954.0,2015-02-02,1967-03-22
705,706,Wilie,O' Culligan,woculliganjl@canalblog.com,,8.0,11751.0,2011-03-04,1965-04-21
706,707,Charlotta,Dyett,cdyettjm@mediafire.com,17.0,6.0,16763.0,2010-02-06,1963-08-11
707,708,Josee,Kencott,jkencottjn@nifty.com,16.0,3.0,12454.0,2010-09-16,1965-06-29
708,709,Ollie,Egdal,oegdaljo@china.com.cn,26.0,5.0,16808.0,2015-04-15,1963-04-20
709,710,Andrej,Swaysland,aswayslandjp@is.gd,,4.0,23686.0,2013-12-09,1966-12-30
710,711,Skipper,Haulkham,shaulkhamjq@delicious.com,25.0,5.0,20641.0,2012-07-23,1962-08-09
711,712,Suzy,Pitman,spitmanjr@cmu.edu,29.0,5.0,9482.0,2015-02-19,1960-04-27
712,713,Orlan,Cabell,ocabelljs@symantec.com,1.0,9.0,16473.0,2011-07-12,1964-09-02
713,714,Donaugh,Himsworth,dhimsworthjt@ihg.com,12.0,,,2015-02-02,1963-01-18
714,715,Rebeca,O'Gormally,rogormallyju@soup.io,1.0,9.0,20554.0,2012-06-17,1963-05-30
715,716,Mateo,Zecchetti,mzecchettijv@yellowbook.com,2.0,,,2010-05-14,1963-11-11
716,717,Salomo,Cleall,sclealljw@comsenz.com,,,,2014-09-12,1965-11-05
717,718,Corilla,Revance,crevancejx@uiuc.edu,32.0,2.0,9742.0,2012-01-16,1967-07-25
718,719,Joellyn,Tregear,jtregearjy@t-online.de,8.0,6.0,9766.0,2014-06-12,1963-09-15
719,720,Cecilio,Stevings,cstevingsjz@gnu.org,21.0,5.0,12751.0,2014-01-17,1961-10-29
720,721,Lauri,McCaig,lmccaigk0@blogs.com,32.0,,,2011-07-06,1961-09-16
721,722,Melisenda,Harbisher,mharbisherk1@cdc.gov,6.0,,,2014-11-24,1965-01-16
722,723,Jecho,Hitscher,jhitscherk2@apple.com,24.0,1.0,10486.0,2015-02-27,1960-06-05
723,724,Irwin,Meigh,imeighk3@economist.com,,1.0,15203.0,2010-02-24,1966-12-16
724,725,Johna,Chomicz,jchomiczk4@telegraph.co.uk,,10.0,17723.0,2013-11-20,1967-08-01
725,726,Derrik,MacTrustram,dmactrustramk5@bbc.co.uk,6.0,,,2014-06-14,1962-06-22
726,727,Elbert,Duligal,eduligalk6@ucoz.ru,23.0,2.0,22769.0,2012-06-04,1964-01-09
727,728,Prisca,McBay,pmcbayk7@omniture.com,37.0,9.0,14250.0,2014-12-24,1967-11-05
728,729,Amara,Jeannel,ajeannelk8@furl.net,11.0,,,2015-04-22,1964-10-18
729,730,Maxie,D'eathe,mdeathek9@sciencedirect.com,17.0,,,2011-06-21,1966-03-10
730,731,Nissie,Emor,nemorka@gnu.org,37.0,10.0,21972.0,2013-09-06,1966-03-25
731,732,Konstantin,Waples,kwapleskb@nytimes.com,,7.0,8491.0,2011-10-27,1962-12-21
732,733,Rakel,Felmingham,rfelminghamkc@wordpress.com,32.0,,,2010-10-31,1960-11-30
733,734,Zachery,Whiteland,zwhitelandkd@aboutads.info,8.0,9.0,22054.0,2012-11-12,1967-10-24
734,735,Towney,Likly,tliklyke@vk.com,16.0,4.0,13741.0,2011-08-25,1965-10-20
735,736,Yul,Finneran,yfinnerankf@usda.gov,2.0,,,2010-01-05,1965-04-28
736,737,Hashim,Brindley,hbrindleykg@indiatimes.com,25.0,10.0,8929.0,2013-06-18,1961-06-19
737,738,Dilly,Stoker,dstokerkh@godaddy.com,38.0,,,2011-04-01,1963-07-29
738,739,Baird,Hutchence,bhutchenceki@acquirethisname.com,35.0,,,2014-03-24,1964-12-24
739,740,Jimmie,Halhead,jhalheadkj@squidoo.com,9.0,5.0,9282.0,2012-11-10,1962-03-09
740,741,Gun,Hunnable,ghunnablekk@unesco.org,32.0,2.0,22706.0,2010-08-15,1962-10-25
741,742,Cecil,Tolhurst,ctolhurstkl@biblegateway.com,27.0,2.0,14614.0,2013-07-01,1965-02-10
742,743,Riannon,Ozanne,rozannekm@psu.edu,29.0,5.0,23748.0,2010-07-19,1967-04-10
743,744,Roseline,Grigorini,rgrigorinikn@blogspot.com,5.0,1.0,24912.0,2010-02-11,1966-07-05
744,745,Katlin,Kullmann,kkullmannko@tripadvisor.com,18.0,8.0,17447.0,2010-01-06,1966-06-03
745,746,Constantine,Standish-Brooks,cstandishbrookskp@cornell.edu,10.0,,,2013-01-22,1962-12-07
746,747,Rebekkah,Debill,rdebillkq@intel.com,25.0,5.0,11064.0,2013-07-30,1964-10-17
747,748,Neddie,Bestwick,nbestwickkr@elegantthemes.com,3.0,3.0,17632.0,2013-11-04,1964-01-06
748,749,Ara,Terry,aterryks@skype.com,8.0,10.0,21861.0,2010-03-24,1965-02-07
749,750,Dulcia,Flahive,dflahivekt@myspace.com,,6.0,11942.0,2011-09-02,1965-10-27
750,751,Todd,Docwra,tdocwraku@whitehouse.gov,,9.0,10629.0,2013-10-11,1965-12-11
751,752,Judye,Postin,jpostinkv@technorati.com,,10.0,13840.0,2010-10-15,1960-01-12
752,753,Darryl,Zorzetti,dzorzettikw@github.io,2.0,5.0,11217.0,2013-02-02,1961-08-04
753,754,Marleen,Lingner,mlingnerkx@japanpost.jp,31.0,,,2014-05-18,1962-07-12
754,755,Dru,Heale,dhealeky@yolasite.com,10.0,7.0,24657.0,2012-07-06,1962-11-07
755,756,Benito,Roughsedge,broughsedgekz@youtu.be,,3.0,14191.0,2011-10-17,1963-12-08
756,757,Joana,Sivorn,jsivornl0@gnu.org,,,,2014-12-29,1960-03-11
757,758,Pam,Kerton,pkertonl1@berkeley.edu,,8.0,18694.0,2012-11-10,1963-01-28
758,759,Jeanine,Sanbroke,jsanbrokel2@domainmarket.com,32.0,6.0,14822.0,2011-05-01,1966-03-17
759,760,Stacee,Rahl,srahll3@diigo.com,24.0,1.0,20044.0,2015-03-20,1961-11-07
760,761,Brewster,Lantuffe,blantuffel4@wikia.com,5.0,,,2014-07-02,1963-12-28
761,762,Kellen,Ansett,kansettl5@discuz.net,,9.0,15381.0,2011-07-03,1965-01-26
762,763,Clea,Hesser,chesserl6@webeden.co.uk,3.0,7.0,17655.0,2013-02-16,1960-05-01
763,764,Kristoforo,Saterweyte,ksaterweytel7@amazon.co.uk,35.0,3.0,17701.0,2013-11-18,1962-09-11
764,765,Anderson,Cornner,acornnerl8@shareasale.com,9.0,5.0,12235.0,2010-04-06,1960-10-23
765,766,Ceil,Stangoe,cstangoel9@posterous.com,2.0,,,2014-06-10,1960-09-14
766,767,Ranice,Beacom,rbeacomla@devhub.com,24.0,,,2015-03-22,1964-03-31
767,768,Chrysler,McAvey,cmcaveylb@miibeian.gov.cn,38.0,5.0,16741.0,2010-03-27,1965-11-14
768,769,Brear,Hickeringill,bhickeringilllc@latimes.com,,8.0,15134.0,2011-08-02,1965-11-13
769,770,Emile,Minto,emintold@amazon.co.jp,20.0,,,2012-02-21,1961-03-15
770,771,Marysa,Foyster,mfoysterle@toplist.cz,12.0,5.0,11632.0,2014-09-30,1967-01-09
771,772,Jordan,Gooddy,jgooddylf@cbslocal.com,18.0,,,2012-12-03,1961-09-25
772,773,Pandora,Havick,phavicklg@amazon.de,12.0,5.0,14529.0,2010-06-20,1962-10-20
773,774,Carlyn,Lyford,clyfordlh@cyberchimps.com,19.0,7.0,12039.0,2014-06-02,1966-12-17
774,775,Gertrudis,Dyson,gdysonli@cyberchimps.com,38.0,6.0,13400.0,2010-01-19,1967-01-25
775,776,Lin,Dudin,ldudinlj@youku.com,21.0,2.0,20927.0,2012-05-07,1963-09-09
776,777,Delphine,Isitt,disittlk@washington.edu,5.0,,,2013-05-14,1960-06-27
777,778,Pippy,Duffet,pduffetll@opensource.org,8.0,9.0,8081.0,2012-09-23,1961-02-25
778,779,Ame,Marusic,amarusiclm@amazonaws.com,22.0,9.0,22080.0,2013-02-05,1960-02-23
779,780,Brittaney,Seller,bsellerln@sbwire.com,21.0,7.0,22294.0,2015-01-06,1964-04-08
780,781,Osbourn,Medlen,omedlenlo@hc360.com,35.0,2.0,17003.0,2010-12-29,1964-09-21
781,782,Lyndsey,Cricket,lcricketlp@dion.ne.jp,3.0,8.0,7259.0,2010-02-02,1962-10-31
782,783,Ira,Charley,icharleylq@oracle.com,17.0,9.0,16778.0,2013-07-22,1965-05-20
783,784,Jen,Carmont,jcarmontlr@nymag.com,,,,2014-10-15,1960-03-06
784,785,Wilton,Brierton,wbriertonls@github.io,13.0,3.0,13684.0,2012-08-14,1967-06-05
785,786,Lazaro,Aiton,laitonlt@deliciousdays.com,38.0,8.0,9544.0,2012-04-02,1968-02-20
786,787,James,Cheetam,jcheetamlu@prlog.org,,5.0,20602.0,2015-05-14,1960-03-18
787,788,Creight,Nisen,cnisenlv@salon.com,1.0,3.0,24447.0,2011-05-06,1960-12-14
788,789,Larry,Dionsetti,ldionsettilw@columbia.edu,,,,2014-11-30,1967-01-11
789,790,Wynnie,Doel,wdoellx@cnbc.com,,6.0,16565.0,2012-05-17,1962-02-03
790,791,Hyacinthia,Benford,hbenfordly@fastcompany.com,,,,2012-01-09,1966-10-26
791,792,Sula,Blencoe,sblencoelz@blogger.com,3.0,9.0,21624.0,2010-11-17,1965-03-24
792,793,Vivie,Reignard,vreignardm0@pbs.org,19.0,,,2011-01-22,1960-10-17
793,794,Chan,Bridgement,cbridgementm1@comcast.net,27.0,,,2014-07-23,1965-03-28
794,795,Clara,Berk,cberkm2@businessinsider.com,24.0,8.0,13147.0,2010-08-27,1964-07-27
795,796,Shalna,Ogglebie,sogglebiem3@noaa.gov,6.0,5.0,12876.0,2013-05-15,1960-11-13
796,797,Melisande,Arton,martonm4@vk.com,17.0,8.0,9778.0,2013-03-01,1963-04-25
797,798,Orly,Holborn,oholbornm5@cnet.com,19.0,6.0,21108.0,2014-07-25,1961-02-08
798,799,Magda,Buckerfield,mbuckerfieldm6@photobucket.com,32.0,,,2012-10-30,1964-02-01
799,800,Donnajean,Pybworth,dpybworthm7@google.fr,13.0,4.0,17313.0,2012-10-02,1966-10-15
800,801,Susi,Bartolozzi,sbartolozzim8@latimes.com,34.0,9.0,24507.0,2010-03-29,1961-11-27
801,802,D'arcy,Skentelbery,dskentelberym9@hao123.com,33.0,6.0,15679.0,2012-04-15,1965-03-01
802,803,Shea,Knoton,sknotonma@sakura.ne.jp,22.0,2.0,14693.0,2013-06-21,1963-05-28
803,804,Hayward,Doldon,hdoldonmb@sohu.com,11.0,10.0,17813.0,2015-04-21,1966-10-26
804,805,Nell,Firth,nfirthmc@163.com,31.0,,,2015-01-25,1961-09-20
805,806,Lanie,Goult,lgoultmd@bing.com,31.0,10.0,7509.0,2014-02-08,1960-10-17
806,807,Ara,Sedcole,asedcoleme@jimdo.com,16.0,3.0,16255.0,2011-04-04,1960-01-18
807,808,Carlee,Usmar,cusmarmf@opera.com,17.0,,,2013-01-20,1966-07-30
808,809,Odo,McDuff,omcduffmg@issuu.com,,5.0,7426.0,2013-08-21,1962-02-23
809,810,Leonanie,Orgen,lorgenmh@sun.com,30.0,6.0,19551.0,2011-11-22,1961-06-16
810,811,Kalindi,Skokoe,kskokoemi@chron.com,19.0,2.0,24078.0,2011-03-16,1963-09-29
811,812,Kara,Mohamed,kmohamedmj@seattletimes.com,,,,2013-09-18,1965-06-09
812,813,Angil,Pinniger,apinnigermk@chronoengine.com,36.0,9.0,13144.0,2014-02-19,1967-02-04
813,814,Antons,Chattoe,achattoeml@ca.gov,19.0,4.0,21471.0,2012-05-13,1962-07-06
814,815,Meredithe,Dungey,mdungeymm@trellian.com,26.0,4.0,16488.0,2010-04-30,1967-05-01
815,816,Isac,Seiter,iseitermn@hao123.com,4.0,,,2010-09-05,1965-09-05
816,817,Tamarah,Milkins,tmilkinsmo@joomla.org,7.0,6.0,7258.0,2012-11-07,1961-05-28
817,818,Abdul,Corneille,acorneillemp@globo.com,9.0,,,2014-02-11,1967-09-19
818,819,Darill,Sterricker,dsterrickermq@gravatar.com,20.0,5.0,13339.0,2010-03-20,1967-11-08
819,820,Marjorie,MacIan,mmacianmr@forbes.com,30.0,10.0,12890.0,2013-04-01,1963-04-28
820,821,Phoebe,Allso,pallsoms@army.mil,7.0,,,2014-11-23,1967-10-20
821,822,Clarie,McAlpine,cmcalpinemt@blogspot.com,27.0,,,2015-04-24,1966-07-11
822,823,Quint,Jantel,qjantelmu@biblegateway.com,28.0,8.0,13844.0,2015-02-12,1966-09-10
823,824,Emmit,Mcwhinney,emcwhinneymv@istockphoto.com,27.0,5.0,8573.0,2012-09-18,1964-10-05
824,825,Nedda,Lindhe,nlindhemw@cnet.com,25.0,5.0,12719.0,2013-01-23,1965-08-10
825,826,Miran,Brambill,mbrambillmx@shop-pro.jp,39.0,,,2010-08-03,1962-06-29
826,827,Donica,Umbers,dumbersmy@jalbum.net,22.0,10.0,13866.0,2014-06-20,1964-01-02
827,828,Chadd,Basile,cbasilemz@cargocollective.com,23.0,5.0,15191.0,2013-10-30,1964-08-29
828,829,Dallas,Tatchell,dtatchelln0@google.ru,40.0,6.0,22976.0,2011-09-14,1964-12-15
829,830,Wainwright,Cliff,wcliffn1@topsy.com,,5.0,22115.0,2014-03-01,1963-07-04
830,831,Portie,Sedgebeer,psedgebeern2@liveinternet.ru,15.0,4.0,24309.0,2012-09-11,1966-12-26
831,832,Sidonnie,Shimoni,sshimonin3@skype.com,21.0,,,2014-03-07,1967-04-17
832,833,Vanda,Probey,vprobeyn4@jiathis.com,19.0,8.0,14081.0,2013-03-14,1961-02-26
833,834,Karie,Perri,kperrin5@sitemeter.com,,3.0,12600.0,2010-01-29,1966-11-13
834,835,Hayyim,Milam,hmilamn6@cmu.edu,23.0,2.0,21194.0,2012-07-15,1963-01-26
835,836,Horatius,Heggman,hheggmann7@youtu.be,16.0,,,2011-01-19,1966-07-01
836,837,Anders,Perring,aperringn8@wunderground.com,38.0,,,2013-11-02,1966-05-21
837,838,Denis,MacTrustey,dmactrusteyn9@tinypic.com,,2.0,12147.0,2014-05-11,1963-07-17
838,839,Philis,Ratazzi,pratazzina@behance.net,5.0,3.0,12186.0,2013-12-28,1967-05-26
839,840,Myra,Ambler,mamblernb@cbc.ca,35.0,7.0,10774.0,2010-04-17,1965-10-14
840,841,Corinna,Bemand,cbemandnc@hexun.com,14.0,1.0,21431.0,2014-05-05,1966-04-10
841,842,Brent,Mitchall,bmitchallnd@omniture.com,,6.0,14017.0,2012-04-03,1968-02-18
842,843,Shepperd,Hunnybun,shunnybunne@edublogs.org,,4.0,10774.0,2014-09-05,1962-10-17
843,844,Fredia,Reichardt,freichardtnf@va.gov,3.0,6.0,8604.0,2012-06-20,1960-09-19
844,845,Marcelle,Paulsen,mpaulsenng@sciencedirect.com,17.0,,,2014-09-19,1964-05-29
845,846,Hertha,Jamot,hjamotnh@amazon.de,14.0,8.0,8298.0,2012-09-10,1962-02-20
846,847,Magnum,Lindroos,mlindroosni@dedecms.com,,9.0,21734.0,2013-10-04,1962-05-14
847,848,Hogan,St Louis,hstlouisnj@ovh.net,18.0,3.0,13723.0,2010-05-20,1965-11-25
848,849,Noby,McNeigh,nmcneighnk@fda.gov,26.0,5.0,8001.0,2015-05-16,1967-07-28
849,850,Karina,Mushet,kmushetnl@archive.org,14.0,10.0,9179.0,2014-02-23,1963-07-31
850,851,Jaclyn,Hanham,jhanhamnm@feedburner.com,12.0,,,2011-08-24,1961-03-17
851,852,Burt,Shevlan,bshevlannn@chron.com,7.0,8.0,17868.0,2013-11-22,1961-07-21
852,853,Magnum,Clymo,mclymono@cdbaby.com,2.0,10.0,20690.0,2011-03-23,1960-10-14
853,854,Keeley,Dowdam,kdowdamnp@edublogs.org,4.0,,,2015-01-16,1967-03-21
854,855,Jack,Brosel,jbroselnq@lycos.com,,1.0,8088.0,2010-06-23,1966-02-11
855,856,Scarlett,Ironside,sironsidenr@csmonitor.com,,,,2013-07-30,1964-09-26
856,857,Morganica,Hughesdon,mhughesdonns@dion.ne.jp,20.0,,,2012-03-25,1964-04-06
857,858,Jan,Menhci,jmenhcint@hostgator.com,13.0,7.0,9692.0,2013-08-11,1963-02-13
858,859,Hugues,Stent,hstentnu@oakley.com,24.0,,,2013-08-12,1962-02-21
859,860,Danette,Danzig,ddanzignv@about.com,24.0,4.0,21545.0,2014-08-20,1962-07-12
860,861,Maggie,Spolton,mspoltonnw@sciencedirect.com,7.0,10.0,13660.0,2012-07-19,1963-02-19
861,862,Carlin,Connell,cconnellnx@admin.ch,16.0,4.0,12794.0,2011-08-03,1966-07-13
862,863,Loraine,Ford,lfordny@nyu.edu,31.0,4.0,16141.0,2014-11-30,1966-04-11
863,864,Janey,Venables,jvenablesnz@nba.com,,9.0,11687.0,2012-02-05,1964-03-16
864,865,Nalani,Shovlar,nshovlaro0@t.co,11.0,8.0,17685.0,2014-01-26,1962-02-27
865,866,Delcina,Weakley,dweakleyo1@ftc.gov,12.0,8.0,7932.0,2013-02-14,1967-08-10
866,867,Amanda,Whitewood,awhitewoodo2@mtv.com,7.0,,,2011-11-22,1964-05-01
867,868,Leontine,Gamet,lgameto3@over-blog.com,33.0,5.0,12874.0,2011-11-29,1963-03-31
868,869,Peria,Van der Brugge,pvanderbruggeo4@slashdot.org,24.0,7.0,19497.0,2012-03-01,1967-01-18
869,870,Cleo,Ulyat,culyato5@adobe.com,39.0,,,2012-06-27,1963-03-12
870,871,Rubin,Saban,rsabano6@hibu.com,,,,2010-06-25,1960-01-22
871,872,Lesley,Weir,lweiro7@live.com,13.0,6.0,8672.0,2011-10-08,1962-10-27
872,873,Angele,Bauduin,abauduino8@oaic.gov.au,11.0,8.0,13182.0,2014-05-19,1960-01-07
873,874,Ruthy,Tunnoch,rtunnocho9@cbc.ca,,,,2010-08-17,1968-01-21
874,875,Reed,Andor,randoroa@amazon.co.jp,15.0,10.0,22333.0,2012-01-30,1967-06-20
875,876,Erma,Balogun,ebalogunob@ihg.com,14.0,,,2011-06-21,1963-10-10
876,877,Clim,Matusovsky,cmatusovskyoc@flavors.me,,1.0,12971.0,2014-10-24,1964-05-27
877,878,Paloma,Jeanequin,pjeanequinod@wikia.com,28.0,,,2013-12-05,1965-04-23
878,879,Devondra,Bohje,dbohjeoe@weibo.com,10.0,,,2013-12-25,1962-03-05
879,880,Jazmin,Lamzed,jlamzedof@altervista.org,29.0,1.0,15750.0,2014-07-16,1961-09-03
880,881,Sophia,Belding,sbeldingog@wikispaces.com,10.0,,,2010-09-18,1964-09-21
881,882,Kendal,Browning,kbrowningoh@slate.com,13.0,8.0,12482.0,2012-01-19,1960-10-08
882,883,Brana,Bartlam,bbartlamoi@cnet.com,30.0,5.0,19104.0,2012-09-12,1967-11-13
883,884,Barny,Durbin,bdurbinoj@multiply.com,21.0,7.0,11641.0,2014-08-31,1964-09-04
884,885,Ginelle,Scorton,gscortonok@smh.com.au,,9.0,7817.0,2011-07-20,1964-05-05
885,886,Percival,Cotty,pcottyol@netvibes.com,39.0,2.0,15795.0,2010-11-10,1967-05-05
886,887,Coletta,Sommerville,csommervilleom@ebay.co.uk,36.0,7.0,20730.0,2010-06-15,1965-06-08
887,888,Haydon,Joutapavicius,hjoutapaviciuson@networksolutions.com,1.0,2.0,23259.0,2014-02-14,1963-03-29
888,889,Darbie,Chatt,dchattoo@jiathis.com,,10.0,20695.0,2015-06-07,1963-01-31
889,890,Jamaal,Tybalt,jtybaltop@wiley.com,,3.0,19931.0,2014-03-17,1960-06-07
890,891,Alfi,Geake,ageakeoq@scribd.com,26.0,6.0,13546.0,2012-01-26,1964-06-06
891,892,Fanchon,Capstake,fcapstakeor@unicef.org,2.0,,,2012-10-05,1961-01-27
892,893,Morry,Hedylstone,mhedylstoneos@techcrunch.com,14.0,5.0,14234.0,2013-12-26,1964-11-16
893,894,Charmain,Lagen,clagenot@hud.gov,,,,2012-05-30,1966-06-30
894,895,Kelsi,De la Barre,kdelabarreou@booking.com,40.0,9.0,15674.0,2014-06-26,1962-10-14
895,896,Adena,Rolfini,arolfiniov@cloudflare.com,,,,2013-12-08,1965-08-27
896,897,Nels,Stobo,nstoboow@alibaba.com,40.0,5.0,19018.0,2010-09-18,1963-11-19
897,898,Liza,Wringe,lwringeox@bloglines.com,34.0,3.0,14489.0,2010-08-11,1961-02-01
898,899,Farr,Dadswell,fdadswelloy@ed.gov,9.0,5.0,12023.0,2013-06-29,1966-02-03
899,900,Loralyn,Follet,lfolletoz@imageshack.us,23.0,9.0,17600.0,2014-12-18,1964-10-03
900,901,Garrot,Joannidi,gjoannidip0@cloudflare.com,13.0,2.0,8399.0,2011-12-16,1960-05-03
901,902,Willyt,Jollye,wjollyep1@studiopress.com,32.0,7.0,23640.0,2013-05-05,1962-03-06
902,903,Northrop,Chitson,nchitsonp2@adobe.com,17.0,6.0,19493.0,2013-05-09,1965-05-14
903,904,Rosaline,Ranahan,rranahanp3@posterous.com,9.0,9.0,18294.0,2011-09-08,1964-11-01
904,905,Madelyn,Pedrol,mpedrolp4@harvard.edu,36.0,,,2012-02-24,1966-01-02
905,906,Cinderella,Pletts,cplettsp5@skype.com,2.0,,,2010-11-23,1967-11-24
906,907,Aldric,Gurr,agurrp6@dmoz.org,3.0,10.0,20315.0,2014-01-03,1963-05-20
907,908,Danit,Wolfe,dwolfep7@house.gov,,5.0,17522.0,2011-09-03,1962-11-03
908,909,Corissa,Kezar,ckezarp8@usnews.com,28.0,,,2012-03-21,1966-01-25
909,910,Jesselyn,Soppit,jsoppitp9@moonfruit.com,26.0,10.0,17349.0,2014-03-12,1961-04-05
910,911,Andriette,Rheaume,arheaumepa@pbs.org,4.0,5.0,19965.0,2013-07-04,1960-06-19
911,912,Belia,Abbets,babbetspb@usatoday.com,9.0,8.0,14725.0,2013-08-09,1964-02-14
912,913,Judye,Barbara,jbarbarapc@uol.com.br,20.0,,,2014-10-11,1964-05-11
913,914,Rog,Arpino,rarpinopd@seattletimes.com,8.0,3.0,20448.0,2012-08-03,1963-09-05
914,915,Gerhard,Watters,gwatterspe@technorati.com,34.0,10.0,21793.0,2013-02-01,1962-06-15
915,916,Bondon,Fomichkin,bfomichkinpf@moonfruit.com,4.0,,,2013-08-13,1961-02-02
916,917,Vernen,Strangeways,vstrangewayspg@businessinsider.com,,,,2012-12-26,1960-04-11
917,918,Delmer,Joberne,djoberneph@jiathis.com,27.0,1.0,9132.0,2014-01-12,1962-06-04
918,919,Brittni,Eassom,beassompi@imdb.com,22.0,10.0,23799.0,2015-06-19,1967-02-08
919,920,Pembroke,Casbolt,pcasboltpj@omniture.com,,2.0,23449.0,2015-03-27,1968-02-17
920,921,Marcie,Fowkes,mfowkespk@joomla.org,27.0,10.0,17948.0,2010-02-21,1961-06-11
921,922,Arnold,Balassi,abalassipl@mozilla.org,32.0,,,2013-09-02,1966-06-10
922,923,Stefanie,Needs,sneedspm@miitbeian.gov.cn,,,,2011-08-03,1962-12-29
923,924,Meagan,Masding,mmasdingpn@ibm.com,,1.0,15864.0,2010-10-13,1964-09-28
924,925,Stephen,Lowdham,slowdhampo@vk.com,,4.0,18241.0,2012-01-15,1964-05-30
925,926,Paco,Sharrock,psharrockpp@yelp.com,3.0,,,2014-07-21,1961-01-15
926,927,Donelle,Mayell,dmayellpq@zdnet.com,24.0,,,2013-06-14,1967-03-13
927,928,Brnaby,Charrier,bcharrierpr@nbcnews.com,16.0,5.0,20941.0,2011-08-29,1967-11-03
928,929,Ibrahim,Reisin,ireisinps@cbsnews.com,33.0,3.0,24790.0,2011-09-27,1964-05-21
929,930,Danella,Licquorish,dlicquorishpt@usa.gov,18.0,9.0,15273.0,2012-03-30,1965-08-03
930,931,Janifer,D'eye,jdeyepu@dailymail.co.uk,10.0,7.0,23576.0,2015-03-03,1965-05-07
931,932,Reggi,Mabbitt,rmabbittpv@illinois.edu,17.0,6.0,16161.0,2012-04-12,1965-05-04
932,933,Arden,Pharrow,apharrowpw@t.co,10.0,10.0,10678.0,2011-02-07,1961-07-16
933,934,Nixie,Durie,nduriepx@stanford.edu,29.0,9.0,17170.0,2013-12-04,1963-06-18
934,935,Warde,Castelot,wcastelotpy@imdb.com,,8.0,24392.0,2013-06-29,1964-04-11
935,936,Budd,Linden,blindenpz@jalbum.net,13.0,,,2011-09-17,1961-12-05
936,937,Sherline,Cranefield,scranefieldq0@tinyurl.com,9.0,5.0,15375.0,2015-02-08,1960-07-28
937,938,Jarrid,Corsham,jcorshamq1@epa.gov,7.0,9.0,19573.0,2015-05-26,1967-03-23
938,939,Oby,Rotte,orotteq2@constantcontact.com,14.0,5.0,13842.0,2014-08-31,1966-12-28
939,940,Ilyssa,Paddell,ipaddellq3@wp.com,35.0,,,2013-08-25,1963-09-10
940,941,Phil,McCarty,pmccartyq4@example.com,,,,2011-05-14,1964-10-12
941,942,Georgeta,Screase,gscreaseq5@example.com,25.0,,,2010-03-23,1962-07-31
942,943,Giovanna,Millership,gmillershipq6@nationalgeographic.com,,8.0,19871.0,2012-05-02,1964-02-26
943,944,Jakob,Wein,jweinq7@mlb.com,6.0,8.0,12165.0,2015-01-28,1968-02-11
944,945,Essie,Storck,estorckq8@com.com,6.0,2.0,12905.0,2011-12-25,1964-01-08
945,946,Silvio,Van der Daal,svanderdaalq9@economist.com,36.0,4.0,12965.0,2011-10-19,1961-06-21
946,947,Marja,Paull,mpaullqa@rambler.ru,,,,2014-11-29,1962-03-09
947,948,Oliy,Bridgman,obridgmanqb@t.co,26.0,10.0,20296.0,2011-06-14,1961-06-12
948,949,Tabbi,Penritt,tpenrittqc@bing.com,8.0,,,2010-04-13,1961-02-21
949,950,Harriett,Hasley,hhasleyqd@etsy.com,5.0,6.0,9968.0,2012-11-27,1964-08-16
950,951,Grady,Grassick,ggrassickqe@timesonline.co.uk,39.0,,,2015-04-13,1960-03-27
951,952,Fenelia,Dutteridge,fdutteridgeqf@theglobeandmail.com,10.0,1.0,9339.0,2010-04-18,1967-09-07
952,953,Maribel,Lowndsbrough,mlowndsbroughqg@marriott.com,,,,2014-02-23,1967-12-28
953,954,Theresita,Swayland,tswaylandqh@wp.com,,7.0,9518.0,2012-09-08,1966-04-03
954,955,Carleen,Muehle,cmuehleqi@amazon.com,18.0,3.0,22712.0,2015-03-10,1967-01-23
955,956,Adrianna,Behr,abehrqj@t.co,18.0,9.0,13326.0,2010-05-13,1966-08-30
956,957,Lilias,Moxsom,lmoxsomqk@wiley.com,36.0,7.0,9863.0,2010-12-29,1962-08-15
957,958,Jacinda,Lingley,jlingleyql@springer.com,21.0,3.0,14046.0,2011-06-07,1965-07-03
958,959,Norene,Fairfoot,nfairfootqm@cnn.com,6.0,3.0,19169.0,2012-12-08,1960-01-28
959,960,Agosto,Littlecote,alittlecoteqn@nps.gov,10.0,3.0,17853.0,2013-12-27,1967-09-06
960,961,Prentiss,Larenson,plarensonqo@flavors.me,28.0,,,2012-12-13,1965-02-06
961,962,Ganny,Easom,geasomqp@list-manage.com,23.0,2.0,23583.0,2011-04-19,1965-02-05
962,963,Alana,Ping,apingqq@tmall.com,16.0,5.0,10073.0,2011-06-28,1967-03-31
963,964,Rafaello,De'Ath,rdeathqr@stanford.edu,36.0,4.0,16409.0,2011-03-07,1960-10-10
964,965,Allayne,Petrillo,apetrilloqs@nifty.com,16.0,10.0,11240.0,2015-04-07,1961-05-11
965,966,Clea,Dransfield,cdransfieldqt@flickr.com,17.0,3.0,7940.0,2010-01-08,1961-11-23
966,967,Jo,Parnaby,jparnabyqu@psu.edu,,6.0,9543.0,2014-09-08,1960-08-06
967,968,Gui,Ferrillo,gferrilloqv@wikimedia.org,8.0,5.0,24647.0,2012-09-25,1962-07-28
968,969,Bancroft,Quinion,bquinionqw@tripadvisor.com,32.0,4.0,23021.0,2010-09-12,1962-09-10
969,970,Lib,Stellman,lstellmanqx@google.com.hk,33.0,,,2010-07-29,1962-06-08
970,971,Calypso,Jacombs,cjacombsqy@over-blog.com,2.0,2.0,22363.0,2010-12-03,1967-11-18
971,972,Gloriane,Rangeley,grangeleyqz@stanford.edu,22.0,7.0,18385.0,2013-08-12,1962-11-16
972,973,Lanae,Heads,lheadsr0@nps.gov,12.0,9.0,21385.0,2012-06-25,1967-09-01
973,974,Chantalle,Wanklyn,cwanklynr1@barnesandnoble.com,,8.0,20025.0,2015-01-09,1962-04-30
974,975,Shurlock,Carstairs,scarstairsr2@ihg.com,17.0,9.0,13015.0,2014-06-20,1960-11-14
975,976,Ardyce,Timms,atimmsr3@plala.or.jp,13.0,8.0,20592.0,2011-04-10,1964-06-04
976,977,Odelle,Cassidy,ocassidyr4@wikia.com,11.0,,,2015-06-02,1960-11-29
977,978,Alphard,Stuckes,astuckesr5@foxnews.com,5.0,1.0,11618.0,2015-06-06,1964-07-28
978,979,Sigmund,Dupre,sduprer6@nytimes.com,,,,2010-09-27,1968-02-19
979,980,Hank,Hallows,hhallowsr7@eventbrite.com,8.0,4.0,10042.0,2011-09-03,1961-06-29
980,981,Jenda,Sabathe,jsabather8@google.com.hk,7.0,,,2013-03-03,1967-04-14
981,982,Koressa,Brownsey,kbrownseyr9@shutterfly.com,,5.0,12982.0,2012-05-12,1967-08-15
982,983,Chariot,Mills,cmillsra@tripadvisor.com,20.0,9.0,10619.0,2014-03-02,1962-12-31
983,984,Arni,Van Der Weedenburg,avanderweedenburgrb@oakley.com,11.0,7.0,16275.0,2012-08-17,1966-05-11
984,985,Sullivan,Holdey,sholdeyrc@statcounter.com,3.0,6.0,15002.0,2013-08-30,1965-03-15
985,986,Jimmy,Docket,jdocketrd@hatena.ne.jp,40.0,5.0,17153.0,2012-05-29,1964-02-12
986,987,Celestine,Ethington,cethingtonre@symantec.com,17.0,10.0,14323.0,2013-02-04,1960-08-06
987,988,Bettine,Reims,breimsrf@vimeo.com,33.0,,,2010-11-15,1967-04-19
988,989,Wren,Redford,wredfordrg@redcross.org,40.0,6.0,12086.0,2010-12-06,1961-05-07
989,990,Garland,Andrichak,gandrichakrh@huffingtonpost.com,,4.0,12590.0,2012-03-11,1964-06-11
990,991,Jo,Fookes,jfookesri@huffingtonpost.com,12.0,,,2014-04-03,1967-01-18
991,992,Bob,Partlett,bpartlettrj@1und1.de,27.0,,,2010-09-01,1962-11-21
992,993,Susette,Sneezem,ssneezemrk@tmall.com,11.0,4.0,11740.0,2014-12-02,1967-04-25
993,994,Gabriell,Zelley,gzelleyrl@webs.com,14.0,,,2011-08-07,1963-09-04
994,995,Annemarie,Dumbrall,adumbrallrm@weebly.com,19.0,,,2015-02-24,1961-07-09
995,996,Janela,Mapstone,jmapstonern@list-manage.com,40.0,1.0,14369.0,2011-01-14,1965-03-19
996,997,Hazel,Wickmann,hwickmannro@eventbrite.com,9.0,5.0,16681.0,2014-03-20,1963-02-17
997,998,Chance,Mushrow,cmushrowrp@mit.edu,5.0,10.0,22123.0,2010-04-02,1961-06-09
998,999,Thoma,Standbrooke,tstandbrookerq@topsy.com,19.0,,,2010-11-16,1964-02-12
999,1000,Ardys,Pacquet,apacquetrr@archive.org,,,,2013-04-19,1961-04-17